,id,date,sex,x,y,year
1,11-f-040,22/2/14,female,313991.5748,446696.2994,2014
2,12-f-011,13/2/14,female,313955.2483,446685.0328,2014
3,12-f-011,3/3/14,female,313956.1099,446684.8055,2014
4,12-f-011,21/4/14,female,313952.3724,446687.2324,2014
5,12-f-011,22/4/14,female,313981.244,446690.886,2014
6,12-f-069,6/2/14,female,313962.089,446767.1336,2014
7,12-m-015,3/2/14,male,313950.1581,446708.0946,2014
8,12-m-027,9/2/14,male,314103.1738,446735.522,2014
9,12-m-027,22/2/14,male,314105.7079,446733.4192,2014
10,12-m-036,7/2/14,male,313959.8405,446814.9994,2014
11,12-m-036,9/2/14,male,313961.4325,446818.9083,2014
12,12-m-087,5/2/14,male,314071.2654,446799.5134,2014
13,12-m-087,11/2/14,male,314071.283,446799.5152,2014
14,12-m-123,31/1/14,male,313935.5698,446699.4548,2014
15,12-m-123,15/4/14,male,313936.8928,446695.9082,2014
16,12-m-123,4/2/15,male,313949.1335,446671.5285,2015
17,12-m-123,5/2/15,male,313949.1254,446683.8857,2015
18,12-m-123,8/2/15,male,313950.1776,446683.5523,2015
19,12-m-136,5/2/14,male,314073.9531,446788.1981,2014
20,12-m-136,28/2/14,male,314072.9618,446797.0717,2014
21,13-f-040,6/2/14,male,313967.2613,446769.462,2014
22,13-f-049,21/4/14,female,313978.0596,446687.1755,2014
23,13-f-056,22/2/14,female,313971.8098,446722.8912,2014
24,13-m-005,3/2/14,male,313970.615,446684.9416,2014
25,13-m-005,4/2/14,male,313963.8606,446689.3662,2014
26,13-m-005,13/2/14,male,313969.037,446688.2911,2014
27,13-m-005,14/2/14,male,313968.44,446688.1963,2014
28,13-m-006,22/2/14,male,313961.5137,446712.2231,2014
29,13-m-006,29/1/15,male,313963.2234,446716.1984,2015
30,13-m-006,2/2/15,male,313975.1337,446701.7146,2015
31,13-m-011,26/1/14,male,314027.2921,446690.4923,2014
32,13-m-011,4/2/14,male,314028.2755,446689.5794,2014
33,13-m-011,5/2/14,male,314037.6783,446691.9089,2014
34,13-m-011,16/3/14,male,314015.5069,446686.5063,2014
35,13-m-025,25/1/14,male,314197.9053,446678.6826,2014
36,13-m-025,30/1/14,male,314216.5286,446678.3413,2014
37,13-m-026,26/1/14,male,313945.7767,446658.5772,2014
38,13-m-026,4/2/14,male,313946.3715,446660.4394,2014
39,13-m-026,10/2/14,male,313947.4047,446660.0121,2014
40,13-m-026,14/3/14,male,313947.971,446660.4958,2014
41,13-m-026,31/1/15,male,313952.7122,446664.5219,2015
42,13-m-026,1/2/15,male,313952.6951,446664.4551,2015
43,13-m-026,5/2/15,male,313944.1155,446660.1825,2015
44,13-m-026,8/2/15,male,313953.1718,446664.6069,2015
45,13-m-026,9/2/15,male,313951.699,446663.8223,2015
46,13-m-026,9/4/16,male,313951.4468,446674.6001,2016
47,13-m-027,26/1/14,male,314014.3474,446713.0159,2014
48,13-m-031,24/1/14,male,314082.2471,446726.9508,2014
49,13-m-031,30/1/14,male,314080.8687,446725.4121,2014
50,13-m-032,13/4/14,male,313934.4287,446840.1076,2014
51,13-m-032,20/4/14,male,313934.3791,446842.2254,2014
52,13-m-032,2/2/15,male,313916.9504,446866.3927,2015
53,13-m-033,10/2/14,male,313934.2791,446863.3437,2014
54,13-m-033,11/2/14,male,313934.7645,446863.5842,2014
55,13-m-033,25/3/14,male,313929.3003,446866.2635,2014
56,13-m-033,2/2/15,male,313922.8669,446855.4762,2015
57,13-m-033,4/2/15,male,313925.7383,446854.331,2015
58,13-m-036,23/2/14,male,313977.1257,446687.6446,2014
59,13-m-036,15/4/14,male,313935.4936,446709.3153,2014
60,13-m-036,19/4/14,male,313929.34,446671.1462,2014
61,13-m-037,4/2/14,male,313978.4978,446727.5067,2014
62,13-m-040,4/2/14,male,314011.44,446747.4096,2014
63,13-m-040,6/2/14,female,314016.1264,446748.8115,2014
64,13-m-053,26/1/14,male,314022.5373,446740.1389,2014
65,13-m-060,8/2/14,male,314074.5249,446755.5628,2014
66,13-m-060,11/2/14,male,314074.5804,446755.5728,2014
67,13-m-060,8/2/15,male,314079.9806,446773.7161,2015
68,13-m-082,17/4/14,male,313968.8308,446773.9122,2014
69,13-m-082,1/2/15,male,313972.6166,446774.1214,2015
70,13-m-082,2/2/15,male,313970.4564,446779.5529,2015
71,13-m-082,3/2/15,male,313974.719,446768.7937,2015
72,13-m-082,10/2/15,male,313969.6077,446774.5432,2015
73,13-m-082,11/2/16,male,313970.3234,446778.8336,2016
74,13-m-088,14/4/14,male,313984.49,446820.7921,2014
75,13-m-096,2/3/14,male,313991.2055,446823.3232,2014
76,13-m-101,25/1/14,male,314180.7565,446665.659,2014
77,13-m-101,30/1/14,male,314201.328,446676.5485,2014
78,13-m-101,3/2/14,male,314202.3412,446675.2924,2014
79,13-m-105,9/2/14,male,313981.0983,446842.3232,2014
80,13-m-105,2/3/14,male,313989.9944,446838.7499,2014
81,13-m-105,25/3/14,male,313990.8381,446837.9094,2014
82,13-m-105,14/4/14,male,313987.7,446838.3749,2014
83,13-m-105,20/4/14,male,313990.9833,446838.2879,2014
84,13-m-112,11/2/14,male,314092.2861,446781.4678,2014
85,13-m-114,14/2/14,male,314079.7627,446782.1202,2014
86,13-m-114,22/2/14,male,314078.9082,446783.6007,2014
87,13-m-114,28/2/14,male,314079.9999,446780.6334,2014
88,13-m-120,3/2/14,male,313983.6095,446687.7413,2014
89,13-m-120,4/2/14,male,313981.5764,446688.8172,2014
90,13-m-120,13/2/14,male,313984.6024,446687.4564,2014
91,13-m-120,15/4/14,male,313981.7767,446688.8811,2014
92,13-m-120,16/4/14,male,313977.0898,446685.4529,2014
93,13-m-120,19/4/14,male,313977.0131,446688.3242,2014
94,13-m-120,20/4/14,male,313978.3889,446687.7426,2014
95,13-m-127,26/1/14,male,313991.3258,446741.1026,2014
96,13-m-127,4/2/14,male,313994.6987,446747.4869,2014
97,13-m-127,6/2/14,male,313993.3026,446743.9456,2014
98,13-m-129,10/2/14,male,313917.2761,446854.1655,2014
99,13-m-137,2/3/14,male,314003.7148,446879.9306,2014
100,13-m-137,21/3/14,male,314008.7403,446876.3253,2014
101,13-m-143,26/1/14,male,314007.6825,446748.7821,2014
102,13-m-143,21/3/14,male,314010.3141,446754.635,2014
103,13-m-143,18/4/14,male,314011.5822,446752.9167,2014
104,13-m-149,26/1/14,male,313895.6513,446650.7983,2014
105,13-m-149,3/3/14,male,313892.1271,446654.2547,2014
106,13-m-149,15/3/14,male,313892.0171,446654.4233,2014
107,13-m-149,27/3/14,male,313891.1416,446657.4243,2014
108,13-m-152,4/2/14,male,313962.7511,446696.3705,2014
109,13-m-152,16/3/14,male,313977.1184,446687.5554,2014
110,13-m-157,26/1/14,male,313951.1204,446687.4093,2014
111,13-m-157,3/2/14,male,313950.745,446688.9589,2014
112,13-m-157,12/2/14,male,313953.685,446689.9462,2014
113,13-m-157,13/2/14,male,313953.1242,446690.5995,2014
114,13-m-157,15/2/14,male,313953.9714,446689.7757,2014
115,13-m-157,15/4/14,male,313953.643,446689.6119,2014
116,13-m-157,21/4/14,male,313952.3685,446689.3411,2014
117,14-f-001,26/1/14,female,313994.876,446656.0141,2014
118,14-f-001,10/2/14,female,313995.0661,446657.6802,2014
119,14-f-001,28/2/14,female,313994.9053,446655.8698,2014
120,14-f-001,16/4/14,female,313986.9344,446654.9265,2014
121,14-f-002,26/1/14,female,313952.6154,446682.5967,2014
122,14-f-002,15/4/14,female,313948.823,446685.5499,2014
123,14-f-003,26/1/14,female,313990.8065,446690.9581,2014
124,14-f-004,26/1/14,female,314022.6276,446705.5054,2014
125,14-f-004,16/4/14,female,314035.846,446714.0644,2014
126,14-f-005,31/1/14,female,313970.9731,446656.7063,2014
127,14-f-005,31/1/15,female,313966.9927,446670.8051,2015
128,14-f-006,5/2/14,female,314164.0393,446662.5338,2014
129,14-f-007,5/2/14,female,314134.1954,446667.5922,2014
130,14-f-008,4/2/14,female,313977.3135,446714.1807,2014
131,14-f-009,4/2/14,female,314011.0594,446747.0403,2014
132,14-f-009,6/2/14,female,314013.2194,446747.8366,2014
133,14-f-010,4/2/14,female,314011.2542,446747.1085,2014
134,14-f-011,4/2/14,female,313961.0265,446691.877,2014
135,14-f-012,6/2/14,female,314029.0879,446737.6577,2014
136,14-f-013,10/2/14,female,314000.1338,446718.5919,2014
137,14-f-013,15/4/14,female,313999.3888,446719.7311,2014
138,14-f-014,11/2/14,female,314095.2314,446781.1529,2014
139,14-f-015,11/2/14,female,313948.7851,446673.9506,2014
140,14-f-015,13/2/14,female,313950.8267,446674.0061,2014
141,14-f-015,3/2/15,female,313957.7147,446684.9206,2015
142,14-f-016,22/2/14,female,313961.5466,446711.9224,2014
143,14-f-016,16/4/14,female,313971.0736,446684.2524,2014
144,14-f-016,21/4/14,female,313954.7446,446688.6793,2014
145,14-f-017,22/2/14,female,314017.1056,446759.9284,2014
146,14-f-018,23/2/14,female,313977.3365,446687.6388,2014
147,14-f-019,3/3/14,female,313891.5379,446654.4237,2014
148,14-f-020,14/2/14,female,313988.3131,446701.1579,2014
149,14-f-021,9/3/14,female,313832.743,446618.3218,2014
150,14-f-022,10/3/14,female,313950.611,446674.9956,2014
151,14-f-023,11/3/14,female,313886.1797,446643.3993,2014
152,14-f-023,9/2/15,female,313895.3226,446646.8991,2015
153,14-f-024,14/3/14,female,313928.5143,446654.3328,2014
154,14-f-024,16/3/14,female,313928.3108,446654.4803,2014
155,14-f-024,16/4/14,female,313972.4414,446683.1125,2014
156,14-f-024,17/4/14,female,313971.2186,446684.3797,2014
157,14-f-025,15/3/14,female,313978.3913,446657.9466,2014
158,14-f-025,17/4/14,female,313985.676,446654.7932,2014
159,14-f-026,15/3/14,female,313893.6079,446655.7349,2014
160,14-f-027,25/3/14,female,313990.8381,446837.924,2014
161,14-f-027,1/2/15,female,313988.5247,446847.204,2015
162,14-f-028,14/4/14,female,313918.9715,446853.3131,2014
163,14-f-029,15/3/14,female,313967.551,446658.0406,2014
164,14-f-029,15/4/14,female,313956.3122,446664.8094,2014
165,14-f-029,8/2/15,female,313953.2367,446664.4118,2015
166,14-f-030,20/4/14,female,313901.4776,446661.134,2014
167,14-f-031,20/4/14,female,313977.7163,446688.3608,2014
168,14-f-032,22/4/14,female,313881.9995,446655.0129,2014
169,14-f-033,16/4/14,female,313963.0131,446657.8281,2014
170,14-f-034,16/4/14,female,313978.4925,446689.2471,2014
171,14-f-035,17/4/14,female,313968.8321,446774.5732,2014
172,14-f-036,18/4/14,female,313984.7203,446734.2136,2014
173,14-f-037,18/4/14,female,313948.3982,446798.9589,2014
174,14-f-038,21/4/14,female,313952.4993,446689.2974,2014
175,14-m-001,24/1/14,male,314172.2649,446646.8262,2014
176,14-m-001,30/1/14,male,314171.8394,446647.1164,2014
177,14-m-002,24/1/14,male,314163.2677,446662.0619,2014
178,14-m-002,5/2/14,male,314163.8263,446662.5342,2014
179,14-m-003,24/1/14,male,314132.8174,446710.2764,2014
180,14-m-003,30/1/14,male,314132.4008,446715.2179,2014
181,14-m-004,24/1/14,male,314089.0137,446700.854,2014
182,14-m-004,30/1/14,male,314086.59,446700.6407,2014
183,14-m-005,24/1/14,male,314074.38,446708.6783,2014
184,14-m-005,30/1/14,male,314072.7516,446707.5964,2014
185,14-m-006,26/1/14,male,314047.1906,446735.738,2014
186,14-m-006,5/2/14,male,314041.6388,446742.1121,2014
187,14-m-006,18/4/14,male,314044.2988,446741.5245,2014
188,14-m-006,31/1/15,male,314038.4199,446738.5042,2015
189,14-m-006,3/2/15,male,314038.4108,446738.7179,2015
190,14-m-006,4/2/15,male,314038.2371,446738.5456,2015
191,14-m-006,5/2/15,male,314037.9324,446737.275,2015
192,14-m-007,26/1/14,male,313994.9065,446657.8094,2014
193,14-m-007,31/1/14,male,313994.6648,446657.6426,2014
194,14-m-007,4/2/14,male,313994.3526,446667.5552,2014
195,14-m-007,10/2/14,male,313994.9656,446657.6304,2014
196,14-m-007,28/2/14,male,313994.9056,446656.0162,2014
197,14-m-007,16/4/14,male,313994.5687,446657.0965,2014
198,14-m-007,29/1/15,male,313975.7361,446690.054,2015
199,14-m-007,31/1/15,male,313973.5457,446689.3566,2015
200,14-m-007,4/2/15,male,313970.8412,446686.7069,2015
201,14-m-007,8/2/15,male,313973.317,446690.6866,2015
202,14-m-008,26/1/14,male,313951.644,446682.4299,2014
203,14-m-008,28/2/14,male,313962.259,446736.0546,2014
204,14-m-008,22/4/14,male,313954.8207,446720.5527,2014
205,14-m-009,26/1/14,male,313997.5058,446692.1201,2014
206,14-m-009,3/2/14,male,313993.7666,446687.4203,2014
207,14-m-009,12/2/14,male,313996.2082,446692.1139,2014
208,14-m-009,14/3/14,male,313995.5413,446688.4367,2014
209,14-m-009,16/4/14,male,314020.7377,446693.4549,2014
210,14-m-010,26/1/14,male,313993.9741,446717.8059,2014
211,14-m-010,4/2/14,male,313986.2631,446713.7552,2014
212,14-m-010,15/2/14,male,313990.0157,446709.3446,2014
213,14-m-010,25/3/14,male,313962.6145,446860.0321,2014
214,14-m-011,26/1/14,male,314022.8997,446693.9598,2014
215,14-m-011,5/2/14,male,314018.8924,446699.3988,2014
216,14-m-012,26/1/14,male,313994.0673,446720.4135,2014
217,14-m-012,3/2/14,male,313985.8827,446719.2084,2014
218,14-m-012,14/2/14,male,314000.8218,446719.7451,2014
219,14-m-012,23/2/14,male,314006.0453,446715.5628,2014
220,14-m-012,19/4/14,male,313977.1615,446688.3531,2014
221,14-m-013,26/1/14,male,314003.5141,446748.7077,2014
222,14-m-014,26/1/14,male,314010.8701,446762.19,2014
223,14-m-015,26/1/14,male,314090.6777,446715.644,2014
224,14-m-015,30/1/14,male,314091.6162,446710.3906,2014
225,14-m-015,10/2/14,male,314092.5884,446714.4733,2014
226,14-m-016,24/1/14,male,314100.6408,446676.2828,2014
227,14-m-016,26/1/14,male,314099.4963,446676.444,2014
228,14-m-016,3/2/14,male,314098.8204,446676.2425,2014
229,14-m-017,24/1/14,male,314131.3337,446667.5332,2014
230,14-m-017,30/1/14,male,314150.2218,446659.5301,2014
231,14-m-018,25/1/14,male,314197.9051,446678.6827,2014
232,14-m-019,26/1/14,male,313864.9906,446651.8006,2014
233,14-m-019,14/3/14,male,313859.5942,446648.1769,2014
234,14-m-019,28/3/14,male,313859.4632,446646.1118,2014
235,14-m-019,22/4/14,male,313882.1983,446655.1053,2014
236,14-m-020,26/1/14,male,313988.6074,446705.5455,2014
237,14-m-020,4/2/14,male,313981.0647,446697.5325,2014
238,14-m-020,13/2/14,male,313989.4356,446707.9875,2014
239,14-m-021,26/1/14,male,313961.9102,446658.2173,2014
240,14-m-021,10/2/14,male,313953.6549,446657.6897,2014
241,14-m-021,14/3/14,male,313959.8366,446655.5237,2014
242,14-m-022,26/1/14,male,313925.0056,446657.0927,2014
243,14-m-022,13/2/14,male,313924.3781,446652.8104,2014
244,14-m-022,14/3/14,male,313928.2443,446654.6105,2014
245,14-m-022,2/2/15,male,313897.3786,446647.3993,2015
246,14-m-022,5/2/15,male,313895.087,446636.8326,2015
247,14-m-022,10/2/15,male,313893.4295,446636.9861,2015
248,14-m-023,26/1/14,male,313915.1893,446645.9021,2014
249,14-m-024,26/1/14,male,313927.8755,446643.9765,2014
250,14-m-025,26/1/14,male,313928.0306,446643.7049,2014
251,14-m-025,13/2/14,male,313950.2996,446674.2699,2014
252,14-m-025,15/4/14,male,313963.3049,446693.6253,2014
253,14-m-025,19/4/14,male,313976.0761,446687.9067,2014
254,14-m-025,29/1/15,male,313959.5269,446696.7317,2015
255,14-m-025,30/1/15,male,313960.8871,446696.1234,2015
256,14-m-025,31/1/15,male,313959.7052,446695.6972,2015
257,14-m-025,1/2/15,male,313959.5398,446697.7082,2015
258,14-m-025,4/2/15,male,313960.0542,446697.3606,2015
259,14-m-026,26/1/14,male,313922.9859,446663.3507,2014
260,14-m-028,24/1/14,male,314171.9017,446673.7279,2014
261,14-m-028,3/2/14,male,314177.5886,446667.862,2014
262,14-m-028,10/2/14,male,314179.1093,446667.9242,2014
263,14-m-028,22/2/14,male,314178.2123,446670.1107,2014
264,14-m-029,14/4/14,male,313988.4967,446820.3512,2014
265,14-m-030,10/2/14,male,313915.8696,446862.2995,2014
266,14-m-030,11/2/14,male,313915.9703,446861.9328,2014
267,14-m-030,2/3/14,male,313923.7236,446853.9933,2014
268,14-m-030,25/3/14,male,313916.5102,446861.0952,2014
269,14-m-032,31/1/14,male,313971.4822,446656.947,2014
270,14-m-032,16/3/14,male,313928.3108,446654.4972,2014
271,14-m-032,15/4/14,male,313923.9099,446639.5527,2014
272,14-m-033,31/1/14,male,314204.6936,446583.9837,2014
273,14-m-033,10/2/14,male,314204.6882,446589.0986,2014
274,14-m-034,30/1/14,male,314220.9801,446592.956,2014
275,14-m-034,2/2/14,male,314217.5588,446591.8685,2014
276,14-m-034,24/3/14,male,314221.1063,446602.8118,2014
277,14-m-035,3/2/14,male,313952.1732,446707.9277,2014
278,14-m-035,10/2/14,male,313969.8496,446669.8326,2014
279,14-m-035,16/3/14,male,313969.7545,446667.977,2014
280,14-m-035,28/3/14,male,313973.6435,446668.7633,2014
281,14-m-035,16/4/14,male,313972.9411,446667.4616,2014
282,14-m-036,6/2/14,male,314101.7216,446768.5593,2014
283,14-m-037,6/2/14,male,314093.9833,446780.3725,2014
284,14-m-037,10/2/14,male,314101.7158,446768.4891,2014
285,14-m-038,3/2/14,male,313960.9939,446692.4211,2014
286,14-m-039,4/2/14,male,313963.2245,446692.0776,2014
287,14-m-039,12/2/14,male,313964.2529,446691.3876,2014
288,14-m-039,15/4/14,male,313965.3538,446690.9615,2014
289,14-m-039,16/4/14,male,313970.9218,446684.4801,2014
290,14-m-040,4/2/14,male,313938.6222,446686.0971,2014
291,14-m-040,9/3/14,male,313938.9828,446686.376,2014
292,14-m-040,15/4/14,male,313938.2782,446687.8961,2014
293,14-m-040,2/2/15,male,313944.0294,446689.5668,2015
294,14-m-040,8/2/15,male,313944.5196,446689.879,2015
295,14-m-041,4/2/14,male,313965.7742,446721.7165,2014
296,14-m-041,30/1/15,male,313969.0295,446722.7207,2015
297,14-m-041,1/2/15,male,313966.892,446722.0106,2015
298,14-m-041,7/2/16,male,313969.0294,446723.9201,2016
299,14-m-041,18/3/16,male,313970.6224,446720.1143,2016
300,14-m-041,9/4/16,male,313970.5856,446721.626,2016
301,14-m-042,4/2/14,male,313971.4754,446669.636,2014
302,14-m-042,10/2/14,male,313971.6018,446670.7916,2014
303,14-m-043,5/2/14,male,314069.9023,446781.0981,2014
304,14-m-043,11/2/14,male,314066.3162,446781.2782,2014
305,14-m-043,14/2/14,male,314069.8713,446785.8304,2014
306,14-m-044,5/2/14,male,314079.7991,446781.8797,2014
307,14-m-045,5/2/14,male,314085.7857,446785.7902,2014
308,14-m-045,6/2/14,male,314082.1774,446779.5252,2014
309,14-m-046,5/2/14,male,314086.7568,446817.886,2014
310,14-m-046,9/2/14,male,314092.4555,446819.6507,2014
311,14-m-047,6/2/14,male,313962.1518,446767.1959,2014
312,14-m-047,17/4/14,male,313969.2711,446748.5496,2014
313,14-m-048,6/2/14,male,313946.886,446783.5463,2014
314,14-m-049,6/2/14,male,314097.8942,446760.4145,2014
315,14-m-049,10/2/14,male,314097.9733,446760.3069,2014
316,14-m-049,22/2/14,male,314114.3155,446735.0081,2014
317,14-m-050,7/2/14,male,314096.6209,446761.7629,2014
318,14-m-050,11/2/14,male,314096.6524,446761.2793,2014
319,14-m-051,8/2/14,male,314072.6282,446857.9361,2014
320,14-m-052,8/2/14,male,314073.3299,446826.5672,2014
321,14-m-052,18/4/14,male,313961.7251,446690.892,2014
322,14-m-052,20/4/14,male,313975.3192,446687.7181,2014
323,14-m-053,9/2/14,male,314076.3996,446800.556,2014
324,14-m-054,30/1/14,male,314104.6374,446719.4875,2014
325,14-m-054,10/2/14,male,314107.6361,446718.1066,2014
326,14-m-054,22/2/14,male,314106.5252,446717.1254,2014
327,14-m-055,10/2/14,male,313923.1079,446854.6746,2014
328,14-m-056,10/2/14,male,314076.1257,446799.0897,2014
329,14-m-058,11/2/14,male,314086.9614,446737.4955,2014
330,14-m-059,11/2/14,male,313944.9223,446661.4444,2014
331,14-m-059,14/3/14,male,313893.095,446644.6028,2014
332,14-m-059,27/3/14,female,313893.1805,446647.2516,2014
333,14-m-060,11/2/14,male,313948.814,446673.9505,2014
334,14-m-060,29/1/15,male,313958.1279,446685.3629,2015
335,14-m-060,30/1/15,male,313959.2872,446682.9443,2015
336,14-m-060,31/1/15,male,313959.4604,446683.1831,2015
337,14-m-060,3/2/15,male,313959.5453,446683.0512,2015
338,14-m-060,4/2/15,male,313957.4624,446684.3466,2015
339,14-m-061,29/1/14,male,314419.0921,446505.8121,2014
340,14-m-062,29/1/14,male,314455.9708,446574.2574,2014
341,14-m-062,4/4/14,male,314461.4162,446559.7963,2014
342,14-m-063,29/1/14,male,314492.329,446569.0632,2014
343,14-m-064,30/1/14,male,314164.9192,446673.1763,2014
344,14-m-065,31/1/14,male,313918.4076,446682.7364,2014
345,14-m-066,31/1/14,male,313951.1871,446687.9492,2014
346,14-m-067,31/1/14,male,313973.9384,446705.3452,2014
347,14-m-067,15/4/14,male,313971.3672,446715.2859,2014
348,14-m-068,14/4/14,male,313980.696,446824.0189,2014
349,14-m-069,15/4/14,male,313970.7778,446720.6818,2014
350,14-m-069,30/1/15,male,313964.4698,446718.0828,2015
351,14-m-070,6/2/14,male,313934.638,446819.0438,2014
352,14-m-070,8/2/14,male,313935.9279,446818.6678,2014
353,14-m-071,7/2/14,male,313971.4814,446816.7461,2014
354,14-m-071,8/2/14,male,313971.5902,446816.4858,2014
355,14-m-071,10/2/14,male,313971.8425,446816.6193,2014
356,14-m-071,30/1/15,male,313963.4427,446693.2154,2015
357,14-m-071,31/1/15,male,313965.2726,446694.5942,2015
358,14-m-071,5/2/15,male,313964.039,446695.9274,2015
359,14-m-071,8/2/15,male,313963.4006,446691.9471,2015
360,14-m-072,8/2/14,male,313917.7022,446855.3812,2014
361,14-m-073,9/2/14,male,313906.8436,446880.2144,2014
362,14-m-073,13/4/14,male,313924.4948,446853.7913,2014
363,14-m-074,10/2/14,male,313928.9872,446884.7676,2014
364,14-m-074,24/2/14,male,313924.2495,446887.4081,2014
365,14-m-074,2/3/14,male,313924.01,446886.9061,2014
366,14-m-075,12/2/14,male,313988.4956,446689.9853,2014
367,14-m-075,6/3/14,male,313977.886,446687.0183,2014
368,14-m-075,30/3/14,male,313976.8676,446688.3265,2014
369,14-m-075,16/4/14,male,313978.4023,446689.3373,2014
370,14-m-076,28/2/14,male,313969.5132,446653.3215,2014
371,14-m-076,14/3/14,male,313967.0108,446659.1435,2014
372,14-m-077,21/2/14,male,313858.0825,447021.7327,2014
373,14-m-078,21/2/14,male,313856.3782,447039.9981,2014
374,14-m-079,21/2/14,male,313857.929,447034.7242,2014
375,14-m-080,21/2/14,male,313854.7762,447061.383,2014
376,14-m-081,21/2/14,male,313865.1353,446968.0807,2014
377,14-m-082,22/2/14,male,313983.7089,446691.3406,2014
378,14-m-083,22/2/14,male,313973.0777,446722.8633,2014
379,14-m-083,15/4/14,male,313971.8592,446725.1196,2014
380,14-m-083,16/4/14,male,313982.9493,446731.2178,2014
381,14-m-084,23/2/14,male,313977.2375,446686.0373,2014
382,14-m-084,15/4/14,male,313988.4157,446705.991,2014
383,14-m-084,19/4/14,male,313977.449,446687.951,2014
384,14-m-085,2/3/14,male,314052.8778,446762.8392,2014
385,14-m-086,2/3/14,male,313966.5475,446830.8609,2014
386,14-m-087,29/1/14,male,314471.151,446457.475,2014
387,14-m-087,25/3/14,male,314468.0565,446455.4,2014
388,14-m-087,4/4/14,male,314469.7157,446452.5444,2014
389,14-m-088,10/2/14,male,314006.3453,446796.8037,2014
390,14-m-089,15/4/14,male,313969.2259,446720.7694,2014
391,14-m-089,17/4/14,male,313965.4562,446722.1833,2014
392,14-m-090,16/3/14,male,313830.9511,446626.2983,2014
393,14-m-090,28/3/14,male,313832.3765,446627.4164,2014
394,14-m-091,14/3/14,male,313994.2614,446660.1523,2014
395,14-m-091,16/4/14,male,313990.5894,446665.4703,2014
396,14-m-091,29/1/15,male,313973.3111,446675.4291,2015
397,14-m-091,31/1/15,male,313974.4765,446676.7531,2015
398,14-m-091,3/2/15,male,313980.4187,446678.7397,2015
399,14-m-091,5/2/15,male,313981.3716,446676.6078,2015
400,14-m-091,8/2/15,male,313980.7617,446677.6938,2015
401,14-m-091,11/2/15,male,313981.0937,446676.5774,2015
402,14-m-092,16/4/14,male,313990.3055,446648.3001,2014
403,14-m-092,19/4/14,male,313978.6709,446651.2641,2014
404,14-m-092,30/1/15,male,313950.645,446707.3692,2015
405,14-m-092,31/1/15,male,313946.8837,446700.7932,2015
406,14-m-092,1/2/15,male,313951.5981,446703.9148,2015
407,14-m-092,10/4/16,male,313941.3576,446707.5252,2016
408,14-m-093,16/3/14,male,313910.7735,446636.2538,2014
409,14-m-093,16/4/14,male,313914.4513,446639.3033,2014
410,14-m-094,16/3/14,male,313889.3354,446728.5064,2014
411,14-m-095,16/3/14,male,313887.4858,446719.4043,2014
412,14-m-096,24/3/14,male,314383.7353,446467.7873,2014
413,14-m-097,24/3/14,male,314406.5545,446469.5593,2014
414,14-m-098,24/3/14,male,314441.0037,446484.0728,2014
415,14-m-099,24/3/14,male,314414.4939,446510.9648,2014
416,14-m-100,25/3/14,male,313956.5271,446882.7629,2014
417,14-m-101,25/3/14,male,314488.966,446456.0423,2014
418,14-m-102,3/4/14,male,314530.127,446460.4251,2014
419,14-m-103,3/4/14,male,314505.7647,446470.1279,2014
420,14-m-104,3/4/14,male,314534.8721,446488.5406,2014
421,14-m-105,13/4/14,male,314027.7547,446783.284,2014
422,14-m-106,14/4/14,male,313980.7592,446824.0187,2014
423,14-m-107,15/4/14,male,313957.276,446690.0812,2014
424,14-m-108,16/4/14,male,314015.1283,446719.4371,2014
425,14-m-108,18/4/14,male,314011.5681,446723.2681,2014
426,14-m-109,16/4/14,male,314035.6574,446713.8774,2014
427,14-m-110,17/4/14,male,313965.2652,446736.879,2014
428,14-m-111,18/4/14,male,313953.0467,446791.0697,2014
429,59,21/4/14,male,314452.2691,446566.9864,2014
430,61,21/4/14,male,314408.5056,446529.6921,2014
431,63,21/4/14,male,314432.1956,446497.8448,2014
432,65,21/4/14,male,314476.6103,446452.1475,2014
433,66,21/4/14,male,314492.5506,446467.4692,2014
434,67,21/4/14,male,314532.5927,446463.3507,2014
435,68,21/4/14,male,314500.3347,446503.7819,2014
436,69,21/4/14,male,314528.8861,446494.2303,2014
437,Atelopus,5/2/14,male,313800.549,446604.8116,2014
438,13-f-017,2/2/15,female,313915.6539,446867.6891,2015
439,13-f-031,4/2/15,female,313991.2109,446686.3587,2015
440,13-f-037,29/1/15,female,313971.2961,446706.1586,2015
441,15-f-001,29/1/15,female,313958.2589,446696.6162,2015
442,15-f-002,29/1/15,female,313963.1323,446716.6011,2015
443,15-f-002,1/2/15,female,313966.8235,446721.5404,2015
444,15-f-003,31/1/15,female,313953.1217,446715.7961,2015
445,15-f-004,31/1/15,female,313949.0159,446699.2768,2015
446,15-f-005,31/1/15,female,313952.7864,446695.6741,2015
447,15-f-005,5/2/15,female,313944.3584,446688.4264,2015
448,15-f-006,2/2/15,female,313961.2326,446867.7481,2015
449,15-f-007,3/2/15,female,313779.5377,446658.1185,2015
450,15-f-008,3/2/15,female,313928.5474,446670.8327,2015
451,15-f-009,1/2/15,female,313960.5524,446781.6329,2015
452,15-f-010,3/2/15,female,313960.3142,446783.5041,2015
453,15-f-011,4/2/15,female,314002.6317,446722.5936,2015
454,15-f-012,5/2/15,female,313894.4771,446638.9749,2015
455,15-f-012,9/2/15,female,313893.7267,446642.5634,2015
456,15-f-012,10/2/15,female,313892.1956,446639.092,2015
457,15-f-013,9/2/15,female,313884.1245,446916.1811,2015
458,15-f-014,11/2/15,female,314090.3076,446864.5301,2015
459,15-f-015,31/1/15,female,313987.8098,446688.6796,2015
460,15-f-016,1/2/15,female,313990.331,446858.1738,2015
461,15-f-017,1/2/15,female,313975.26,446835.6539,2015
462,15-f-018,3/2/15,female,313906.0778,446893.1102,2015
463,15-f-019,3/2/15,female,313889.4358,446908.3423,2015
464,15-f-020,8/2/15,female,313964.0019,446691.9886,2015
465,15-f-021,8/2/15,female,313969.9678,446669.891,2015
466,15-f-022,3/2/15,female,313930.3598,446875.6493,2015
467,15-f-022,9/4/16,female,313924.0369,446890.673,2016
468,15-f-023,1/2/15,male,313960.1217,446841.1099,2015
469,15-m-001,29/1/15,male,313971.0767,446703.1012,2015
470,15-m-002,29/1/15,male,313977.3728,446674.6922,2015
471,15-m-002,1/2/15,male,313972.5384,446680.9407,2015
472,15-m-002,3/2/15,male,314055.1098,446739.8284,2015
473,15-m-002,8/2/15,male,313969.9669,446669.4634,2015
474,15-m-002,10/2/15,male,313932.9325,446672.3554,2015
475,15-m-003,29/1/15,male,314002.3643,446704.4547,2015
476,15-m-003,31/1/15,male,314002.3082,446703.4809,2015
477,15-m-003,11/2/15,male,314004.7529,446708.8651,2015
478,15-m-004,30/1/15,male,313945.4825,446733.8635,2015
479,15-m-004,3/2/15,male,313942.9826,446732.6758,2015
480,15-m-004,10/2/15,male,313941.9857,446736.7349,2015
481,15-m-005,30/1/15,male,313990.8575,446701.6763,2015
482,15-m-005,31/1/15,male,313989.0726,446704.52,2015
483,15-m-005,5/2/15,male,313990.2603,446702.6098,2015
484,15-m-006,30/1/15,male,313964.0617,446695.9641,2015
485,15-m-006,7/2/16,male,313966.0428,446696.7216,2016
486,15-m-007,31/1/15,male,313953.1193,446714.6311,2015
487,15-m-007,4/2/15,male,313955.4788,446708.3702,2015
488,15-m-007,10/2/15,male,313949.5642,446707.9506,2015
489,15-m-007,9/4/16,male,313954.5076,446710.1057,2016
490,15-m-008,31/1/15,male,314017.1972,446717.5095,2015
491,15-m-008,2/2/15,male,314021.5599,446715.1046,2015
492,15-m-009,31/1/15,male,314007.1563,446721.094,2015
493,15-m-009,5/2/15,male,313995.5931,446724.3371,2015
494,15-m-010,31/1/15,male,314001.3832,446719.5972,2015
495,15-m-010,11/2/15,male,314003.3613,446701.3787,2015
496,15-m-011,1/2/15,male,313889.885,446683.5846,2015
497,15-m-011,10/2/15,male,313891.5682,446688.0516,2015
498,15-m-012,1/2/15,male,313961.3269,446670.6809,2015
499,15-m-012,4/2/15,male,313960.4366,446672.5757,2015
500,15-m-012,8/2/15,male,313958.6074,446668.4606,2015
501,15-m-013,2/2/15,male,313962.706,446867.8708,2015
502,15-m-013,3/2/15,male,313977.6481,446872.2588,2015
503,15-m-013,11/2/15,male,314004.8626,446883.5705,2015
504,15-m-014,2/2/15,male,314211.7818,446658.8558,2015
505,15-m-015,2/2/15,male,314210.9042,446690.0466,2015
506,15-m-016,2/2/15,male,313871.9172,446640.4028,2015
507,15-m-016,3/2/15,male,313880.6966,446639.9703,2015
508,15-m-017,2/2/15,male,313894.5921,446651.0697,2015
509,15-m-017,9/2/15,male,313894.8272,446645.1943,2015
510,15-m-017,10/2/15,male,313896.3007,446651.849,2015
511,15-m-018,2/2/15,male,314084.4868,446752.1505,2015
512,15-m-019,3/2/15,male,313975.1788,446701.2515,2015
513,15-m-020,3/2/15,male,313803.4403,446622.0379,2015
514,15-m-021,3/2/15,male,313781.6056,446665.9462,2015
515,15-m-022,3/2/15,male,313888.9428,446655.4992,2015
516,15-m-023,3/2/15,male,313960.9844,446681.5287,2015
517,15-m-023,7/2/16,male,313938.751,446693.6132,2016
518,15-m-023,10/4/16,male,313944.0575,446688.9601,2016
519,15-m-024,3/2/15,male,313859.2864,446632.2607,2015
520,15-m-025,3/2/15,male,313801.4003,446522.0641,2015
521,15-m-026,31/1/15,male,313998.1233,446778.2951,2015
522,15-m-026,1/2/15,male,313998.1961,446766.7918,2015
523,15-m-027,31/1/15,male,313959.5491,446791.4545,2015
524,15-m-027,1/2/15,male,313959.2006,446794.9301,2015
525,15-m-028,31/1/15,male,314007.9835,446748.1786,2015
526,15-m-028,1/2/15,male,314007.486,446748.6737,2015
527,15-m-028,2/2/15,male,314008.7632,446750.3162,2015
528,15-m-028,5/2/15,male,314005.6854,446748.1637,2015
529,15-m-029,31/1/15,male,313997.2128,446739.919,2015
530,15-m-029,2/2/15,male,313998.9854,446739.6407,2015
531,15-m-030,31/1/15,male,314013.596,446749.0798,2015
532,15-m-030,2/2/15,male,314014.0715,446749.0552,2015
533,15-m-030,4/2/15,male,314016.6036,446749.7923,2015
534,15-m-030,5/2/15,male,314014.8506,446749.8385,2015
535,15-m-031,31/1/15,male,314018.4843,446737.496,2015
536,15-m-031,3/2/15,male,314030.5821,446745.2592,2015
537,15-m-032,1/2/15,male,313980.8794,446783.3189,2015
538,15-m-032,2/2/15,male,313980.3704,446783.3272,2015
539,15-m-032,3/2/15,male,313981.3335,446783.7372,2015
540,15-m-032,4/2/15,male,313982.8599,446774.0035,2015
541,15-m-032,10/2/15,male,313982.7895,446774.7287,2015
542,15-m-033,1/2/15,male,313955.1292,446787.0657,2015
543,15-m-033,2/2/15,male,313955.3389,446789.2955,2015
544,15-m-033,3/2/15,male,313959.5629,446791.2161,2015
545,15-m-034,1/2/15,male,313985.6123,446763.2178,2015
546,15-m-034,10/2/15,male,313976.3981,446763.8424,2015
547,15-m-034,11/2/16,male,313988.7796,446763.7933,2016
548,15-m-034,11/4/16,male,313981.5354,446774.4816,2016
549,15-m-035,2/2/15,male,314019.8565,446744.8123,2015
550,15-m-036,2/2/15,male,313951.8125,446793.229,2015
551,15-m-036,10/2/15,male,313934.1022,446787.6673,2015
552,15-m-037,3/2/15,male,313960.8723,446783.6616,2015
553,15-m-038,31/1/15,male,314020.0247,446808.751,2015
554,15-m-038,3/2/15,male,314026.9413,446794.6282,2015
555,15-m-039,3/2/15,male,313955.4345,446780.4822,2015
556,15-m-039,10/2/15,male,313937.4384,446779.441,2015
557,15-m-040,3/2/15,male,313968.2399,446789.3203,2015
558,15-m-041,4/2/15,male,313933.7454,446844.9939,2015
559,15-m-041,11/2/16,male,314037.0244,446777.8585,2016
560,15-m-042,4/2/15,male,313936.486,446841.2015,2015
561,15-m-043,31/1/15,male,313964.0419,446822.7982,2015
562,15-m-043,4/2/15,male,313961.943,446814.0692,2015
563,15-m-044,5/2/15,male,313957.7744,446825.6226,2015
564,15-m-044,6/4/16,male,313954.8087,446833.5394,2016
565,15-m-045,1/2/15,male,313959.3941,446863.5149,2015
566,15-m-045,5/2/15,male,313961.2431,446847.0397,2015
567,15-m-045,15/2/15,male,313961.2175,446864.6542,2015
568,15-m-046,31/1/15,male,313989.8329,446687.7019,2015
569,15-m-046,4/2/15,male,313985.0173,446686.8665,2015
570,15-m-047,4/2/15,male,313851.9729,446629.7263,2015
571,15-m-048,5/2/15,male,314003.9779,446657.6491,2015
572,15-m-049,5/2/15,male,313918.2071,446641.8307,2015
573,15-m-049,9/2/15,male,313912.3178,446649.6978,2015
574,15-m-050,5/2/15,male,314163.6817,446694.8622,2015
575,15-m-051,8/2/15,male,314089.5371,446706.3488,2015
576,15-m-052,8/2/15,male,314072.467,446713.4006,2015
577,15-m-052,15/2/15,male,314072.9243,446716.9149,2015
578,15-m-053,8/2/15,male,314111.5904,446736.6995,2015
579,15-m-054,9/2/15,male,313926.2583,446842.1837,2015
580,15-m-055,10/2/15,male,313949.0219,446896.0211,2015
581,15-m-056,10/2/15,male,313917.5055,446890.1048,2015
582,15-m-057,10/2/15,male,313948.5156,446893.7919,2015
583,15-m-057,15/2/15,male,313956.1104,446887.3638,2015
584,15-m-058,10/2/15,male,314077.3523,446799.4274,2015
585,15-m-059,10/2/15,male,314088.939,446822.9571,2015
586,15-m-060,10/2/15,male,314082.1292,446896.3232,2015
587,15-m-061,10/2/15,male,314121.7926,446922.2825,2015
588,15-m-062,10/2/15,male,314080.1885,446871.4197,2015
589,15-m-063,11/2/15,male,314085.5035,446783.0248,2015
590,15-m-064,11/2/15,male,314089.8182,446864.2877,2015
591,15-m-065,11/2/15,male,314047.9345,447003.046,2015
592,15-m-066,11/2/15,male,314050.8788,446998.9636,2015
593,15-m-067,11/2/15,male,314053.4083,446989.0012,2015
594,15-m-068,11/2/15,male,314047.7176,446998.5065,2015
595,15-m-069,11/2/15,male,314019.4815,446871.5754,2015
596,15-m-070,11/2/15,male,313978.1802,446882.0546,2015
597,15-m-071,31/1/15,male,314017.0008,446780.0256,2015
598,15-m-072,1/2/15,male,313960.7167,446830.033,2015
599,15-m-072,11/2/15,male,313956.8465,446833.4265,2015
600,15-m-073,1/2/15,male,313936.8999,446816.6477,2015
601,15-m-073,11/2/15,male,313939.1547,446817.5863,2015
602,15-m-073,15/2/15,male,313937.1516,446817.7297,2015
603,15-m-073,11/2/16,male,313948.1089,446782.9221,2016
604,15-m-073,10/4/16,male,313947.9242,446784.8562,2016
605,15-m-074,31/1/15,male,313997.3656,446803.0384,2015
606,15-m-075,31/1/15,male,314005.6042,446787.8967,2015
607,15-m-076,31/1/15,male,314033.8144,446785.7933,2015
608,15-m-077,31/1/15,male,314020.8006,446791.7946,2015
609,15-m-078,31/1/15,male,314025.1744,446777.3575,2015
610,15-m-079,1/2/15,male,313959.0923,446841.3171,2015
611,15-m-080,1/2/15,male,314045.1698,446756.5428,2015
612,15-m-081,1/2/15,male,313981.1422,446818.93,2015
613,15-m-082,1/2/15,male,313986.2761,446816.0784,2015
614,15-m-083,1/2/15,male,313974.2265,446822.8988,2015
615,15-m-084,1/2/15,male,313975.2474,446829.5436,2015
616,15-m-085,1/2/15,male,313976.3319,446846.5056,2015
617,15-m-086,2/2/15,male,314069.3755,446732.1235,2015
618,15-m-087,2/2/15,male,314068.9146,446733.603,2015
619,15-m-088,2/2/15,male,313916.0857,446852.071,2015
620,15-m-089,2/2/15,male,313904.8181,446833.1502,2015
621,15-m-090,2/2/15,male,313935.9808,446871.5541,2015
622,15-m-090,15/2/15,male,313949.0635,446894.5847,2015
623,15-m-091,3/2/15,male,313927.3941,446868.6272,2015
624,15-m-092,3/2/15,male,314009.5159,446859.2656,2015
625,15-m-093,3/2/15,male,313985.1253,446876.118,2015
626,15-m-094,3/2/15,male,313980.3106,446872.0766,2015
627,15-m-094,11/2/16,male,313957.265,446801.2718,2016
628,15-m-094,10/4/16,male,313956.0561,446803.1703,2016
629,15-m-095,3/2/15,male,313908.9054,446886.917,2015
630,15-m-096,3/2/15,male,313909.0344,446891.0387,2015
631,15-m-097,3/2/15,male,313890.5541,446907.8446,2015
632,15-m-098,3/2/15,male,313861.9654,446970.8842,2015
633,15-m-099,3/2/15,male,313858.5036,446980.799,2015
634,15-m-100,3/2/15,male,313856.4473,446948.6034,2015
635,15-m-101,5/2/15,male,313992.8351,446744.3772,2015
636,15-m-102,5/2/15,male,314007.1697,446752.1162,2015
637,15-m-103,5/2/15,male,313989.1027,446761.016,2015
638,15-m-104,10/2/15,male,313881.2851,446716.9401,2015
639,15-m-105,10/2/15,male,313892.0755,446722.1401,2015
640,15-m-106,10/2/15,male,313939.3633,446753.3345,2015
641,15-m-107,10/2/15,male,313930.5838,446770.0799,2015
642,15-m-108,11/2/15,female,314005.0682,446706.5699,2015
643,15-m-109,3/2/15,male,313907.6755,446893.1069,2015
644,15-m-110,11/2/15,male,314020.4706,446697.5332,2015
645,15-m-111,15/2/15,male,314179.9728,446645.0869,2015
646,15-m-112,15/2/15,male,314086.1926,446719.8224,2015
647,15-m-113,15/2/15,male,313946.8112,446831.9173,2015
648,12-f-081,9/4/16,female,313986.7222,446815.9947,2016
649,13-f-046,11/4/16,female,313983.5133,446780.8372,2016
650,16-f-001,7/2/16,female,314011.3195,446724.4136,2016
651,16-f-001,6/4/16,female,314009.1015,446726.7358,2016
652,16-f-002,11/4/16,female,313911.0931,446684.9557,2016
653,16-f-003,7/2/16,female,313969.3281,446724.315,2016
654,16-f-004,6/4/16,female,313972.4981,446840.2502,2016
655,16-f-005,8/4/16,female,314016.524,446745.8335,2016
656,16-f-006,9/4/16,female,314021.0024,446794.728,2016
657,16-f-007,9/4/16,female,313930.4691,446850.3898,2016
658,16-f-008,11/2/16,female,314013.5443,446790.0861,2016
659,16-f-008,10/4/16,female,314005.8611,446787.8359,2016
660,16-f-009,10/4/16,female,313922.6644,446854.7839,2016
661,16-f-010,11/4/16,female,313973.1674,446685.1372,2016
662,16-f-011,11/2/16,female,313948.5244,446831.1442,2016
663,16-f-012,10/4/16,female,313953.3769,446800.3109,2016
664,16-f-013,9/4/16,female,313978.9355,446655.885,2016
665,16-f-014,9/4/16,female,313965.6224,446681.9531,2016
666,16-f-015,9/4/16,female,314044.5472,446743.3745,2016
667,16-f-016,9/4/16,female,313970.9793,446721.311,2016
668,16-f-017,10/4/16,female,313940.402,446709.0362,2016
669,16-m-001,3/2/16,male,313961.6361,446687.1514,2016
670,16-m-002,4/2/16,male,313982.8414,446690.5674,2016
671,16-m-002,9/4/16,male,313989.908,446687.2582,2016
672,16-m-003,7/2/16,male,313977.1272,446721.9924,2016
673,16-m-003,10/4/16,male,313977.0195,446719.2344,2016
674,16-m-004,7/2/16,male,313974.6354,446707.0162,2016
675,16-m-005,7/2/16,male,313982.623,446700.0487,2016
676,16-m-006,7/2/16,male,314011.4143,446724.294,2016
677,16-m-006,6/4/16,male,314005.0407,446727.8261,2016
678,16-m-006,8/4/16,male,314004.336,446726.0485,2016
679,16-m-007,7/2/16,male,313958.466,446690.9781,2016
680,16-m-008,7/2/16,male,313948.0253,446707.8934,2016
681,16-m-009,7/2/16,male,313947.2858,446733.9343,2016
682,16-m-010,7/2/16,male,313954.9565,446703.8405,2016
683,16-m-010,6/4/16,male,313964.3583,446694.0482,2016
684,16-m-011,7/2/16,male,313964.0278,446742.3478,2016
685,16-m-011,10/4/16,male,313979.0559,446785.65,2016
686,16-m-012,7/2/16,male,313968.122,446741.3752,2016
687,16-m-013,11/2/16,male,313980.4322,446815.6013,2016
688,16-m-013,6/4/16,male,313986.072,446815.5066,2016
689,16-m-013,9/4/16,male,313986.4536,446815.8617,2016
690,16-m-014,11/2/16,male,313985.0068,446816.3501,2016
691,16-m-014,6/4/16,male,313982.9135,446819.5468,2016
692,16-m-015,6/4/16,male,313968.2888,446834.7583,2016
693,16-m-015,9/4/16,male,313972.5526,446836.2015,2016
694,16-m-016,6/4/16,male,313965.9868,446825.5956,2016
695,16-m-017,6/4/16,male,313952.7916,446819.6822,2016
696,16-m-018,8/4/16,male,314041.9605,446735.2834,2016
697,16-m-019,8/4/16,male,314051.3035,446739.5051,2016
698,16-m-020,8/4/16,male,314017.2374,446751.6636,2016
699,16-m-020,11/4/16,male,314016.4385,446749.9443,2016
700,16-m-021,8/4/16,male,314023.7855,446738.4847,2016
701,16-m-022,8/4/16,male,314017.5661,446738.9358,2016
702,16-m-023,9/4/16,male,314037.9074,446779.3738,2016
703,16-m-024,9/4/16,male,314022.5527,446786.3009,2016
704,16-m-025,9/4/16,male,314021.4466,446795.5205,2016
705,16-m-026,9/4/16,male,314011.477,446790.384,2016
706,16-m-027,9/4/16,male,313989.856,446824.9665,2016
707,16-m-028,9/4/16,male,313990.6764,446832.0093,2016
708,16-m-029,9/4/16,male,313930.186,446849.8287,2016
709,16-m-030,9/4/16,male,313924.3195,446890.9532,2016
710,16-m-031,9/4/16,male,313912.8196,446899.4185,2016
711,16-m-032,9/4/16,male,313950.2414,446915.1814,2016
712,16-m-033,9/4/16,male,313887.3438,446909.4139,2016
713,16-m-033,10/4/16,male,313898.7432,446910.3532,2016
714,16-m-034,10/4/16,male,313931.6622,446868.4164,2016
715,16-m-035,10/4/16,male,313928.422,446856.4573,2016
716,16-m-036,11/2/16,male,313914.0724,446866.156,2016
717,16-m-036,10/4/16,male,313917.6074,446864.5691,2016
718,16-m-037,11/2/16,male,313927.5563,446839.925,2016
719,16-m-037,10/4/16,male,313922.6665,446855.7951,2016
720,16-m-038,10/4/16,male,313930.0915,446845.3308,2016
721,16-m-039,10/4/16,male,313874.0127,446993.7019,2016
722,16-m-040,10/4/16,male,313850.9544,446973.5257,2016
723,16-m-041,11/2/16,male,313987.7113,446805.4962,2016
724,16-m-042,11/2/16,male,313959.5034,446814.435,2016
725,16-m-043,11/2/16,male,313943.4218,446814.0393,2016
726,16-m-044,11/2/16,male,313930.9363,446821.9701,2016
727,16-m-045,10/4/16,male,313961.871,446737.7688,2016
728,16-m-046,10/4/16,male,313947.8591,446734.6384,2016
729,16-m-047,10/4/16,male,313938.6947,446711.9122,2016
730,16-m-048,10/4/16,male,313961.2291,446783.2278,2016
731,16-m-049,10/4/16,male,313913.651,446725.1857,2016
732,16-m-050,10/4/16,male,313978.7715,446729.891,2016
733,16-m-051,10/4/16,male,313919.3953,446683.3697,2016
734,16-m-051,11/4/16,male,313901.5499,446683.3638,2016
735,16-m-052,10/4/16,male,313902.3919,446698.5286,2016
736,16-m-053,10/4/16,male,313937.0503,446698.1127,2016
737,16-m-054,10/4/16,male,313933.7812,446687.1271,2016
738,16-m-055,7/2/16,male,313942.0407,446678.0496,2016
739,16-m-055,18/3/16,male,313943.4378,446675.8555,2016
740,16-m-055,9/4/16,male,313942.7801,446672.9669,2016
741,16-m-056,6/4/16,male,313958.7163,446690.8971,2016
742,16-m-057,6/4/16,male,314024.8022,446737.4649,2016
743,16-m-058,6/4/16,male,313980.4323,446702.6967,2016
744,16-m-059,9/4/16,male,313981.8545,446677.6094,2016
745,16-m-060,9/4/16,male,313955.938,446677.539,2016
746,16-m-061,9/4/16,male,313952.2407,446664.9477,2016
747,16-m-062,11/4/16,male,314087.9753,446701.0452,2016
748,16-m-063,11/4/16,male,313971.1885,446775.7788,2016
749,16-m-064,11/4/16,male,313917.7312,446639.0673,2016
750,16-m-065,10/4/16,male,313918.5922,446849.7363,2016
751,14-f-036,27/2/17,female,313976.8339,446707.8476,2017
752,14-m-060,23/1/17,male,313953.9615,446672.1256,2017
753,14-m-060,31/1/17,male,313954.1475,446669.627,2017
754,14-m-060,3/2/17,male,313949.9232,446664.8282,2017
755,14-m-060,17/2/17,male,313952.6317,446681.6194,2017
756,14-m-060,25/2/17,male,313955.6186,446672.0612,2017
757,14-m-060,2/3/17,male,313952.2976,446660.8054,2017
758,14-m-060,6/3/17,male,313954.1954,446667.1955,2017
759,15-f-001,22/2/17,female,313966.349,446705.7022,2017
760,15-f-001,26/2/17,male,313966.4545,446705.5406,2017
761,15-m-007,23/1/17,male,313961.2615,446690.9571,2017
762,15-m-007,25/1/17,male,313961.9619,446694.1874,2017
763,15-m-007,26/1/17,male,313960.9193,446694.2251,2017
764,15-m-007,31/1/17,male,313964.0226,446693.4439,2017
765,15-m-007,18/2/17,male,313964.4465,446695.7433,2017
766,15-m-007,19/2/17,male,313954.0084,446690.7615,2017
767,15-m-007,23/2/17,male,313961.8236,446692.1124,2017
768,15-m-007,2/3/17,male,313961.9715,446690.1683,2017
769,15-m-007,5/3/17,male,313962.2621,446690.2717,2017
770,15-m-007,21/3/17,male,313961.3356,446690.6913,2017
771,15-m-023,23/1/17,male,313948.3841,446689.1935,2017
772,15-m-023,25/1/17,male,313950.3788,446683.3512,2017
773,15-m-023,2/2/17,male,313949.1281,446688.3815,2017
774,15-m-023,17/2/17,male,313952.7695,446681.6038,2017
775,15-m-023,25/2/17,male,313950.6685,446688.6274,2017
776,15-m-023,6/3/17,male,313950.0276,446685.1975,2017
777,15-m-023,8/3/17,male,313951.2577,446685.4949,2017
778,15-m-034,23/1/17,male,313988.3788,446761.7577,2017
779,15-m-034,27/1/17,male,313985.6424,446762.3974,2017
780,15-m-069,5/2/17,male,313991.7924,446863.1302,2017
781,16-f-003,31/1/17,female,313964.2824,446727.0759,2017
782,16-f-003,15/2/18,female,313975.6574,446721.2771,2018
783,16-f-003,7/3/18,female,313974.4064,446718.7444,2018
784,16-f-005,26/2/17,female,313928.3128,446688.3711,2017
785,16-f-007,3/3/17,female,313931.6237,446839.7881,2017
786,16-f-010,31/1/17,female,313963.9915,446693.4157,2017
787,16-f-010,24/2/17,female,313973.2229,446684.1193,2017
788,16-f-010,1/3/18,male,313964.5877,446693.296,2018
789,16-f-010,16/3/18,female,313965.9412,446694.2041,2018
790,16-m-006,7/2/17,male,313999.7762,446721.0243,2017
791,16-m-006,19/2/17,male,314006.5233,446716.5806,2017
792,16-m-009,23/1/17,male,313970.5705,446719.7241,2017
793,16-m-009,27/1/17,male,313969.3339,446719.9612,2017
794,16-m-009,23/2/17,male,313959.6679,446714.3481,2017
795,16-m-009,1/3/17,male,313970.5756,446718.8825,2017
796,16-m-009,2/3/17,male,313970.591,446718.5601,2017
797,16-m-009,23/3/17,male,313969.0416,446712.8951,2017
798,16-m-009,7/2/18,male,313964.727,446724.1945,2018
799,16-m-009,9/2/18,male,313968.9569,446716.8434,2018
800,16-m-009,16/2/18,male,313967.9767,446716.1712,2018
801,16-m-009,24/2/18,male,313967.7068,446717.0968,2018
802,16-m-009,21/3/18,male,313970.316,446717.7726,2018
803,16-m-013,9/2/17,male,313962.9878,446821.8889,2017
804,16-m-013,22/2/17,male,313956.7605,446822.7679,2017
805,16-m-013,26/2/17,male,313961.4057,446822.868,2017
806,16-m-013,3/3/17,male,313963.6673,446822.8283,2017
807,16-m-013,20/3/17,male,313960.9047,446822.2133,2017
808,16-m-013,21/3/17,male,313963.0812,446822.4907,2017
809,16-m-015,2/3/17,male,313973.9169,446820.3669,2017
810,16-m-015,3/3/17,male,313980.1229,446826.3373,2017
811,16-m-015,5/3/17,male,313977.2322,446820.2892,2017
812,16-m-015,18/3/17,male,313986.9898,446818.0556,2017
813,16-m-016,16/2/17,male,313968.6583,446815.3397,2017
814,16-m-016,22/2/17,male,313969.3701,446815.5311,2017
815,16-m-016,3/3/17,male,313969.615,446815.1468,2017
816,16-m-016,4/3/17,male,313969.2903,446815.4414,2017
817,16-m-016,18/3/17,male,313971.9708,446815.6938,2017
818,16-m-016,7/2/18,male,313962.6882,446823.0381,2018
819,16-m-016,10/2/18,male,313964.6541,446824.6818,2018
820,16-m-019,25/1/17,male,314056.1637,446733.5584,2017
821,16-m-019,8/2/17,male,314051.5225,446735.6239,2017
822,16-m-020,23/1/17,male,314012.6457,446746.942,2017
823,16-m-020,25/1/17,male,314012.1866,446749.2959,2017
824,16-m-020,27/1/17,male,314038.7776,446738.2649,2017
825,16-m-020,7/2/17,male,314010.3882,446750.9031,2017
826,16-m-020,21/2/17,male,314015.0622,446750.3324,2017
827,16-m-020,27/2/17,male,314011.5021,446749.0429,2017
828,16-m-020,6/3/17,male,314012.8392,446747.9638,2017
829,16-m-020,8/3/17,male,314014.9644,446747.2918,2017
830,16-m-022,27/2/17,male,313992.4852,446743.2843,2017
831,16-m-022,5/3/17,male,313993.7158,446746.0912,2017
832,16-m-022,6/3/17,male,313993.074,446744.0627,2017
833,16-m-022,11/2/18,male,313989.9515,446739.2064,2018
834,16-m-025,2/3/17,male,314018.432,446780.5836,2017
835,16-m-025,3/3/17,male,314016.6511,446788.0067,2017
836,16-m-034,17/2/17,male,313927.9718,446864.189,2017
837,16-m-034,9/3/17,male,313930.1651,446864.7946,2017
838,16-m-035,18/2/17,male,313915.658,446863.4176,2017
839,16-m-047,23/1/17,male,313950.7781,446708.4088,2017
840,16-m-047,28/1/17,male,313944.5344,446704.4838,2017
841,16-m-047,1/2/17,male,313945.9022,446704.9649,2017
842,16-m-047,26/2/17,male,313960.4105,446731.9372,2017
843,16-m-051,19/2/17,male,313908.9131,446724.4103,2017
844,16-m-051,22/2/17,male,313909.2139,446724.4227,2017
845,16-m-054,25/1/17,male,313955.6551,446705.2008,2017
846,16-m-054,27/1/17,male,313954.3933,446706.3994,2017
847,16-m-054,23/2/17,male,313954.1924,446690.8077,2017
848,16-m-054,28/2/17,male,313951.2983,446708.5631,2017
849,16-m-054,5/3/17,male,313952.0873,446707.8479,2017
850,16-m-054,6/3/17,male,313951.078,446708.346,2017
851,16-m-054,9/2/18,male,313947.944,446687.225,2018
852,16-m-054,14/2/18,male,313953.4136,446695.0916,2018
853,16-m-054,24/2/18,male,313949.1986,446687.7307,2018
854,16-m-054,16/3/18,male,313948.2662,446688.7222,2018
855,16-m-054,17/3/18,male,313952.0828,446695.0015,2018
856,16-m-054,18/3/18,male,313952.7044,446692.4166,2018
857,16-m-054,9/4/18,male,313955.0804,446689.7633,2018
858,16-m-054,15/4/18,male,313948.848,446688.7732,2018
859,16-m-058,20/2/17,male,313959.7939,446713.6458,2017
860,16-m-058,5/3/17,male,313976.0402,446720.8603,2017
861,16-m-059,26/1/17,male,313985.3829,446694.7877,2017
862,16-m-059,28/1/17,male,313999.7867,446691.096,2017
863,16-m-059,20/2/17,male,313999.4735,446691.4199,2017
864,17-f-001,25/1/17,female,313925.8583,446701.3897,2017
865,17-f-002,25/1/17,female,313988.2722,446701.7683,2017
866,17-f-003,25/1/17,female,314003.9308,446738.9335,2017
867,17-f-003,2/3/17,female,313999.9551,446745.7815,2017
868,17-f-004,25/1/17,female,313983.9919,446695.349,2017
869,17-f-004,31/1/17,female,313984.5128,446694.7614,2017
870,17-f-004,9/2/18,female,313983.2324,446693.9047,2018
871,17-f-004,25/2/18,female,313983.4018,446693.911,2018
872,17-f-004,20/3/18,female,313983.93,446695.309,2018
873,17-f-005,25/1/17,female,313936.7282,446817.0112,2017
874,17-f-005,26/2/17,female,313936.7286,446817.0106,2017
875,17-f-006,25/1/17,female,313948.242,446780.294,2017
876,17-f-007,23/1/17,female,313950.8112,446674.8994,2017
877,17-f-007,3/2/17,female,313947.1059,446674.7514,2017
878,17-f-008,25/1/17,female,313894.9966,446627.0581,2017
879,17-f-009,25/1/17,female,314009.8638,446741.4456,2017
880,17-f-010,27/1/17,female,313969.3776,446719.9241,2017
881,17-f-010,30/1/17,female,313965.6024,446715.7941,2017
882,17-f-010,18/2/17,female,313958.808,446717.6158,2017
883,17-f-010,1/3/18,female,313964.6415,446693.7898,2018
884,17-f-010,25/2/19,female,313962.5735,446701.4341,2019
885,17-f-011,31/1/17,female,313957.3999,446730.0058,2017
886,17-f-011,10/2/18,female,313957.5211,446717.5219,2018
887,17-f-012,3/2/17,female,313912.9784,446690.5239,2017
888,17-f-013,5/2/17,female,313990.682,446854.5855,2017
889,17-f-013,13/2/17,female,313988.2838,446864.975,2017
890,17-f-014,26/1/17,female,314051.7536,446749.3297,2017
891,17-f-015,27/1/17,female,313985.0834,446760.8023,2017
892,17-f-017,28/1/17,female,313949.6067,446688.92,2017
893,17-f-017,31/1/17,female,313987.9425,446687.7043,2017
894,17-f-017,19/2/17,female,313987.9167,446687.5555,2017
895,17-f-018,7/2/17,female,314004.2676,446874.7295,2017
896,17-f-018,16/2/17,female,314006.1123,446876.6873,2017
897,17-f-019,8/2/17,female,313955.9049,446832.3061,2017
898,17-f-019,13/2/17,female,313949.9672,446836.3098,2017
899,17-f-020,16/2/17,female,313930.4282,446862.5192,2017
900,17-f-021,19/2/17,female,313997.5436,446679.2616,2017
901,17-f-022,19/2/17,female,313964.4363,446738.0391,2017
902,17-f-023,17/2/17,female,313927.9724,446864.1882,2017
903,17-f-023,23/2/17,female,313927.9731,446864.1872,2017
904,17-f-023,1/3/17,female,313928.6145,446876.598,2017
905,17-f-023,14/2/18,female,313925.8173,446859.5885,2018
906,17-f-023,4/3/18,female,313923.8662,446871.943,2018
907,17-f-024,1/3/17,female,313917.855,446868.9394,2017
908,17-f-024,15/2/18,female,313919.0966,446868.6516,2018
909,17-f-024,1/3/18,female,313918.7952,446866.3626,2018
910,17-f-024,5/3/18,female,313919.5258,446866.12,2018
911,17-f-025,24/2/17,female,313955.9337,446685.272,2017
912,17-f-025,2/3/17,female,313959.2052,446691.5149,2017
913,17-f-025,9/2/18,female,313944.3621,446688.5357,2018
914,17-f-025,24/2/18,female,313948.4241,446688.1906,2018
915,17-f-026,2/3/17,female,313969.7248,446685.7671,2017
916,17-f-027,1/3/17,female,313917.2245,446859.4556,2017
917,17-f-027,8/3/17,female,313917.2243,446859.4557,2017
918,17-f-028,3/3/17,female,314047.3854,446734.8338,2017
919,17-f-028,10/3/17,female,314047.3846,446734.8336,2017
920,17-f-029,6/3/17,female,313952.9961,446680.6607,2017
921,17-f-030,7/3/17,female,313929.3334,446686.7392,2017
922,17-f-031,8/3/17,female,313964.4328,446832.8855,2017
923,17-f-031,20/3/17,female,313962.4357,446814.1195,2017
924,17-f-032,23/3/17,female,313948.2215,446688.3399,2017
925,17-f-032,10/2/18,female,313970.6677,446734.9952,2018
926,17-f-032,19/3/18,female,313956.1867,446704.0964,2018
927,17-f-033,10/3/17,female,313964.2795,446850.4597,2017
928,17-m-001,23/1/17,male,314036.4129,446739.8495,2017
929,17-m-001,25/1/17,male,314029.7724,446737.6456,2017
930,17-m-002,25/1/17,male,314050.488,446734.1085,2017
931,17-m-003,23/1/17,male,314021.5416,446779.7792,2017
932,17-m-004,23/1/17,male,313967.8156,446769.9673,2017
933,17-m-004,5/2/17,male,313961.7199,446781.7794,2017
934,17-m-004,11/2/17,male,313969.3853,446774.4163,2017
935,17-m-004,22/2/17,male,313960.7889,446783.2081,2017
936,17-m-004,1/3/17,male,313962.0183,446765.6715,2017
937,17-m-005,23/1/17,male,313895.3097,446654.938,2017
938,17-m-005,21/2/17,male,313893.9452,446654.4269,2017
939,17-m-006,23/1/17,male,313901.7481,446643.8568,2017
940,17-m-007,23/1/17,male,314006.6652,446696.4621,2017
941,17-m-008,23/1/17,male,314039.5611,446740.634,2017
942,17-m-009,23/1/17,male,313955.979,446716.6819,2017
943,17-m-009,31/1/17,male,313957.8654,446716.9207,2017
944,17-m-009,18/2/17,male,313959.7905,446713.6542,2017
945,17-m-009,5/3/17,male,313956.3954,446725.2189,2017
946,17-m-009,7/3/17,male,313957.9046,446716.808,2017
947,17-m-009,20/3/17,male,313956.8167,446717.2253,2017
948,17-m-009,21/3/17,male,313958.0491,446717.2297,2017
949,17-m-010,23/1/17,male,313959.628,446690.6856,2017
950,17-m-010,5/2/17,male,313958.5351,446691.8258,2017
951,17-m-010,19/2/17,male,313953.1231,446690.581,2017
952,17-m-011,23/1/17,male,314074.9431,446714.6124,2017
953,17-m-012,23/1/17,male,314087.2539,446760.1298,2017
954,17-m-012,10/2/17,male,314086.8112,446760.5343,2017
955,17-m-014,5/2/17,male,313959.0771,446794.5261,2017
956,17-m-014,3/3/17,male,313974.4975,446827.1376,2017
957,17-m-014,8/3/17,male,313965.2943,446834.1667,2017
958,17-m-014,18/3/17,male,313966.7132,446828.1398,2017
959,17-m-015,29/1/17,male,313997.8434,446767.9999,2017
960,17-m-015,31/1/17,male,313997.7249,446768.0684,2017
961,17-m-015,16/2/17,male,314000.1981,446770.6215,2017
962,17-m-015,2/3/17,male,313990.3487,446764.1097,2017
963,17-m-015,5/3/17,male,313990.5882,446763.6088,2017
964,17-m-015,18/3/17,male,313988.9208,446797.1568,2017
965,17-m-016,5/2/17,male,313987.1179,446868.0997,2017
966,17-m-016,10/2/18,male,313988.5485,446831.1227,2018
967,17-m-017,27/1/17,male,313964.6062,446737.7335,2017
968,17-m-017,19/2/17,male,313954.2015,446690.795,2017
969,17-m-018,27/1/17,male,314106.3654,446730.2433,2017
970,17-m-019,28/1/17,male,314133.2066,446710.2384,2017
971,17-m-020,29/1/17,male,314160.387,446663.1099,2017
972,17-m-021,29/1/17,male,314204.8067,446606.1472,2017
973,17-m-022,30/1/17,male,314156.9686,446692.6075,2017
974,17-m-023,30/1/17,male,314112.2951,446690.8464,2017
975,17-m-024,31/1/17,male,313970.9086,446684.7174,2017
976,17-m-024,17/2/17,male,313974.2623,446690.0415,2017
977,17-m-025,1/2/17,male,314108.8563,446713.0053,2017
978,17-m-026,2/2/17,male,314197.981,446695.5582,2017
979,17-m-027,2/2/17,male,314201.8922,446743.7695,2017
980,17-m-028,3/2/17,male,314305.0462,446730.4871,2017
981,17-m-029,3/2/17,male,314368.2229,446756.0957,2017
982,17-m-030,4/2/17,male,314353.0686,446606.6931,2017
983,17-m-031,5/2/17,male,314362.0884,446649.8034,2017
984,17-m-032,16/2/17,male,313981.6635,446774.4725,2017
985,17-m-032,24/2/17,male,313980.386,446774.2158,2017
986,17-m-032,18/3/17,male,313981.9683,446773.5415,2017
987,17-m-032,20/3/17,male,313981.9427,446774.0771,2017
988,17-m-033,16/2/17,male,313924.2276,446852.1666,2017
989,17-m-033,10/2/18,male,313941.7257,446737.3358,2018
990,17-m-033,17/2/18,male,313946.2584,446740.763,2018
991,17-m-033,16/3/18,male,313964.5668,446695.7194,2018
992,17-m-033,20/3/18,male,313964.7367,446697.1483,2018
993,17-m-033,21/3/18,male,313961.4805,446691.5422,2018
994,17-m-034,8/2/17,male,313953.4359,446833.595,2017
995,17-m-034,13/2/17,male,313958.2255,446841.7213,2017
996,17-m-034,3/3/17,male,313955.2225,446822.0785,2017
997,17-m-034,4/3/17,male,313953.2964,446834.8929,2017
998,17-m-034,6/3/17,male,313955.4171,446836.6292,2017
999,17-m-034,10/2/18,male,313959.2686,446832.8007,2018
1000,17-m-034,12/2/18,male,313962.9773,446832.8725,2018
1001,17-m-034,13/2/18,male,313961.8205,446821.4901,2018
1002,17-m-034,20/2/18,male,313956.727,446841.1849,2018
1003,17-m-035,10/2/17,male,313976.9719,446849.8965,2017
1004,17-m-035,16/2/17,male,313977.0508,446848.4617,2017
1005,17-m-035,5/3/17,male,313978.9569,446849.9993,2017
1006,17-m-035,13/2/18,male,313980.4969,446856.4045,2018
1007,17-m-035,16/2/18,male,313969.7343,446831.2951,2018
1008,17-m-035,21/2/18,male,313977.4211,446852.5087,2018
1009,17-m-035,13/3/18,male,313975.1272,446852.8015,2018
1010,17-m-035,16/3/18,male,313975.3382,446853.7207,2018
1011,17-m-036,15/2/17,male,314077.3155,446837.5086,2017
1012,17-m-037,16/2/17,male,314073.3084,446873.567,2017
1013,17-m-037,17/2/17,male,314073.3431,446873.5818,2017
1014,17-m-038,16/2/17,male,314112.9676,446929.7757,2017
1015,17-m-039,6/2/17,male,314318.1128,446608.1289,2017
1016,17-m-040,6/2/17,male,314371.5044,446663.5886,2017
1017,17-m-041,7/2/17,male,314429.3006,446550.0308,2017
1018,17-m-042,7/2/17,male,314395.1709,446558.9402,2017
1019,17-m-042,20/2/17,male,314384.1909,446540.6919,2017
1020,17-m-043,8/2/17,male,314484.3318,446530.3268,2017
1021,17-m-044,8/2/17,male,314462.1888,446551.2135,2017
1022,17-m-045,9/2/17,male,314088.345,446690.0761,2017
1023,17-m-046,11/2/17,male,314116.4416,446757.1395,2017
1024,17-m-047,11/2/17,male,314079.8421,446786.4361,2017
1025,17-m-048,12/2/17,male,314081.9663,446855.1739,2017
1026,17-m-049,19/2/17,male,313915.8946,446691.8527,2017
1027,17-m-049,10/2/18,male,313893.8635,446656.3756,2018
1028,17-m-049,17/2/18,male,313893.4854,446655.0961,2018
1029,17-m-049,14/3/18,male,313895.6752,446651.2689,2018
1030,17-m-049,20/3/18,male,313894.2683,446653.8507,2018
1031,17-m-049,21/3/18,male,313896.6479,446652.7897,2018
1032,17-m-050,22/2/17,male,313882.0424,446647.6897,2017
1033,17-m-050,23/2/17,male,313882.0425,446648.0561,2017
1034,17-m-051,19/2/17,male,313954.0388,446690.7007,2017
1035,17-m-051,7/3/17,male,313930.191,446686.0959,2017
1036,17-m-051,8/3/17,male,313928.4007,446686.8191,2017
1037,17-m-052,24/2/17,male,313959.4711,446684.425,2017
1038,17-m-052,25/2/17,male,313958.4686,446681.7549,2017
1039,17-m-053,17/2/17,male,314125.6282,446749.2169,2017
1040,17-m-054,17/2/17,male,314118.1456,446696.1977,2017
1041,17-m-055,18/2/17,male,314040.1487,446769.5436,2017
1042,17-m-055,28/2/17,male,314033.3031,446775.4804,2017
1043,17-m-056,19/2/17,male,314164.8654,446669.1322,2017
1044,17-m-057,19/2/17,male,314200.5704,446643.6455,2017
1045,17-m-058,20/2/17,male,314412.4369,446504.6549,2017
1046,17-m-059,21/2/17,male,314442.8245,446583.0223,2017
1047,17-m-060,21/2/17,male,314406.4277,446638.2972,2017
1048,17-m-061,22/2/17,male,313896.315,446802.6152,2017
1049,17-m-062,23/2/17,male,313943.5612,446779.912,2017
1050,17-m-062,24/2/17,male,313943.5907,446779.8631,2017
1051,17-m-063,23/2/17,male,314091.1656,446740.0997,2017
1052,17-m-064,24/2/17,male,314375.7231,446698.8772,2017
1053,17-m-065,18/2/17,male,314168.9594,446653.6569,2017
1054,17-m-066,1/3/17,male,314028.6923,446737.2672,2017
1055,17-m-066,2/3/17,male,314026.7464,446736.104,2017
1056,17-m-067,3/3/17,male,313932.1904,446839.787,2017
1057,17-m-067,12/2/18,male,313930.2184,446844.5885,2018
1058,17-m-067,13/2/18,male,313934.2613,446841.168,2018
1059,17-m-068,26/2/17,male,313945.8362,446821.4838,2017
1060,17-m-069,1/3/17,male,313916.9139,446891.2672,2017
1061,17-m-069,8/3/17,male,313917.5415,446884.6935,2017
1062,17-m-070,6/3/17,male,313939.7574,446660.5518,2017
1063,17-m-070,7/3/17,male,313937.1296,446657.7885,2017
1064,17-m-071,5/3/17,male,314014.9168,446686.5529,2017
1065,17-m-071,10/3/17,male,314014.9157,446686.5525,2017
1066,17-m-072,8/3/17,male,313917.0846,446882.6686,2017
1067,15-f-022,12/2/18,female,313919.8374,446867.8924,2018
1068,15-f-022,4/3/18,female,313926.868,446865.5198,2018
1069,15-m-056,12/2/18,male,313951.5789,446770.7601,2018
1070,15-m-056,27/3/18,male,313947.4439,446781.8079,2018
1071,15-m-056,9/4/18,male,313954.818,446772.7393,2018
1072,16-f-012,16/2/18,female,313969.6485,446831.9311,2018
1073,16-f-012,24/2/19,female,313976.5209,446853.7721,2019
1074,16-f-012,25/2/19,female,313976.4835,446853.8012,2019
1075,16-m-039,25/2/18,male,313863.7568,447011.0219,2018
1076,18-f-001,7/2/18,female,313988.9391,446745.5812,2018
1077,18-f-001,24/2/18,female,313985.8952,446762.9752,2018
1078,18-f-002,7/2/18,female,313966.9546,446811.2802,2018
1079,18-f-002,13/2/18,female,313967.1189,446810.3678,2018
1080,18-f-003,7/2/18,female,313943.3417,446733.7438,2018
1081,18-f-003,9/2/18,female,313942.118,446736.1898,2018
1082,18-f-003,14/2/18,female,313947.9736,446729.9495,2018
1083,18-f-004,7/2/18,female,313950.0997,446790.7671,2018
1084,18-f-004,14/2/18,male,313947.5409,446784.3912,2018
1085,18-f-005,10/2/18,female,314013.5209,446746.3388,2018
1086,18-f-006,11/2/18,female,313989.3487,446740.0505,2018
1087,18-f-007,13/2/18,female,313974.2223,446718.171,2018
1088,18-f-007,25/2/18,female,313939.8182,446686.352,2018
1089,18-f-008,12/2/18,female,313962.895,446832.6552,2018
1090,18-f-009,12/2/18,female,313898.3272,446918.9602,2018
1091,18-f-009,14/2/18,female,313903.5935,446919.8216,2018
1092,18-f-010,12/2/18,female,314170.6238,446687.4818,2018
1093,18-f-011,12/2/18,female,313913.4306,446892.4279,2018
1094,18-f-012,14/2/18,female,313952.2511,446776.1052,2018
1095,18-f-013,17/2/18,female,313920.6534,446663.3922,2018
1096,18-f-014,17/2/18,female,313891.2618,446653.5346,2018
1097,18-f-015,20/2/18,female,313956.9238,446841.1083,2018
1098,18-f-016,21/2/18,female,313953.6108,446830.231,2018
1099,18-f-017,23/2/18,female,313988.5515,446829.7994,2018
1100,18-f-018,24/2/18,female,313986.243,446776.6393,2018
1101,18-f-018,16/3/18,female,313989.0692,446770.9816,2018
1102,18-f-019,26/2/18,female,313917.6644,446865.5055,2018
1103,18-f-020,24/2/18,female,313939.4824,446685.9381,2018
1104,18-f-021,13/3/18,female,313963.29,446809.8169,2018
1105,18-f-022,1/3/18,female,313996.0014,446769.0933,2018
1106,18-f-022,5/3/18,female,313995.784,446769.5881,2018
1107,18-f-023,20/3/18,male,314168.3933,446675.8038,2018
1108,18-f-024,20/3/18,male,314176.3457,446676.3255,2018
1109,18-f-025,20/3/18,male,313918.4364,446765.2667,2018
1110,18-f-026,20/3/18,female,313894.48,446653.6919,2018
1111,18-f-026,21/3/18,female,313896.6803,446652.8236,2018
1112,18-f-027,20/3/18,female,313955.3662,446728.7268,2018
1113,18-f-028,16/3/18,female,313976.2756,446800.4349,2018
1114,18-f-029,5/3/18,female,313909.8566,446867.7778,2018
1115,18-m-001,7/2/18,male,313990.2277,446774.2338,2018
1116,18-m-001,11/2/18,male,313978.6278,446791.9011,2018
1117,18-m-001,23/2/18,male,313984.0419,446771.9401,2018
1118,18-m-001,24/2/18,male,313984.57,446773.8423,2018
1119,18-m-001,7/3/18,male,313985.893,446771.4136,2018
1120,18-m-001,11/3/18,male,313985.3176,446773.5573,2018
1121,18-m-001,20/3/18,male,313984.1832,446771.6252,2018
1122,18-m-002,7/2/18,male,313964.7717,446810.5579,2018
1123,18-m-002,13/2/18,male,313961.0652,446804.376,2018
1124,18-m-002,20/2/18,male,313963.2938,446809.4374,2018
1125,18-m-002,9/4/18,male,313962.0524,446808.8498,2018
1126,18-m-003,7/2/18,male,313973.5099,446720.3573,2018
1127,18-m-003,9/2/18,male,313973.6694,446719.9798,2018
1128,18-m-003,24/2/18,male,313974.7118,446718.8857,2018
1129,18-m-003,19/3/18,male,313973.9741,446719.2082,2018
1130,18-m-003,20/3/18,male,313974.3446,446720.3266,2018
1131,18-m-003,26/3/18,male,313974.5726,446718.9313,2018
1132,18-m-003,9/4/18,male,313975.2811,446718.9786,2018
1133,18-m-003,15/4/18,male,313973.4377,446719.3934,2018
1134,18-m-004,7/2/18,male,313960.3086,446717.2527,2018
1135,18-m-004,10/2/18,male,313957.695,446717.232,2018
1136,18-m-004,13/2/18,male,313959.7257,446716.6312,2018
1137,18-m-004,16/2/18,male,313957.4052,446717.1719,2018
1138,18-m-004,24/2/18,male,313958.6054,446717.8499,2018
1139,18-m-004,20/3/18,male,313974.323,446720.2412,2018
1140,18-m-005,9/2/18,male,314019.2104,446734.914,2018
1141,18-m-005,18/3/18,male,313995.8754,446723.6562,2018
1142,18-m-006,9/2/18,male,314002.8093,446722.7474,2018
1143,18-m-007,9/2/18,male,314013.4697,446747.4313,2018
1144,18-m-007,11/2/18,male,314013.9798,446753.5601,2018
1145,18-m-007,17/3/18,male,314005.9447,446746.8654,2018
1146,18-m-007,9/2/19,male,314010.9754,446751.2987,2019
1147,18-m-008,9/2/18,male,314012.0491,446779.8161,2018
1148,18-m-008,10/2/18,male,314016.2016,446781.0469,2018
1149,18-m-008,23/2/18,male,314016.3558,446786.2108,2018
1150,18-m-008,13/3/18,male,314013.1911,446783.1201,2018
1151,18-m-008,16/3/18,male,314016.1068,446785.7107,2018
1152,18-m-008,22/3/18,male,314021.7311,446800.1719,2018
1153,18-m-009,9/2/18,male,313985.5877,446760.6143,2018
1154,18-m-009,23/2/18,male,313984.0556,446772.1836,2018
1155,18-m-009,24/2/18,male,313985.8906,446762.8168,2018
1156,18-m-009,25/2/18,male,313986.0272,446762.7888,2018
1157,18-m-009,11/3/18,male,313985.8809,446763.0078,2018
1158,18-m-010,7/2/18,male,313963.3654,446766.6541,2018
1159,18-m-010,10/2/18,male,313964.2473,446770.8188,2018
1160,18-m-011,7/2/18,male,313967.5176,446777.1842,2018
1161,18-m-011,10/2/18,male,313970.2433,446778.3757,2018
1162,18-m-011,7/3/18,male,313969.6539,446778.716,2018
1163,18-m-011,13/3/18,male,313967.5473,446778.7156,2018
1164,18-m-011,23/3/18,male,313969.725,446777.8779,2018
1165,18-m-011,27/3/18,male,313967.0442,446777.9163,2018
1166,18-m-012,9/2/18,male,313938.7838,446687.5186,2018
1167,18-m-012,16/3/18,male,313939.7226,446688.4966,2018
1168,18-m-012,26/3/18,male,313942.3656,446683.7185,2018
1169,18-m-012,9/4/18,male,313940.1256,446685.5659,2018
1170,18-m-012,15/4/18,male,313955.0062,446689.3518,2018
1171,18-m-013,7/2/18,male,313981.6793,446694.7952,2018
1172,18-m-013,9/2/18,male,313982.5257,446690.4231,2018
1173,18-m-013,19/3/18,female,313940.4848,446687.5533,2018
1174,18-m-014,8/2/18,male,313959.384,446723.3597,2018
1175,18-m-014,10/2/18,male,313949.0965,446732.1747,2018
1176,18-m-014,1/3/18,male,313941.4744,446730.4807,2018
1177,18-m-014,18/3/18,male,313950.0623,446731.6473,2018
1178,18-m-014,20/3/18,male,313956.1173,446730.9555,2018
1179,18-m-014,9/4/18,male,313958.4447,446722.2104,2018
1180,18-m-014,15/4/18,male,313959.4498,446717.2257,2018
1181,18-m-015,8/2/18,male,313950.3943,446704.2558,2018
1182,18-m-016,9/2/18,male,313965.0374,446693.7643,2018
1183,18-m-016,1/3/18,male,313964.4351,446693.7019,2018
1184,18-m-016,21/3/18,male,313983.7922,446695.091,2018
1185,18-m-016,25/3/18,male,313978.5207,446694.4749,2018
1186,18-m-017,10/2/18,male,313936.4359,446707.527,2018
1187,18-m-017,22/3/18,male,313937.6616,446701.8976,2018
1188,18-m-017,25/2/19,male,313954.2978,446693.4142,2019
1189,18-m-017,3/3/19,male,313950.136,446696.3358,2019
1190,18-m-017,6/3/19,male,313950.8487,446695.1564,2019
1191,18-m-017,7/3/19,male,313954.3032,446693.6601,2019
1192,18-m-017,13/3/19,male,313949.8002,446695.6483,2019
1193,18-m-017,16/3/19,male,313951.7244,446696.2354,2019
1194,18-m-017,19/3/19,male,313951.9768,446696.1425,2019
1195,18-m-017,30/3/19,male,313951.7353,446695.9025,2019
1196,18-m-017,11/4/19,male,313952.1837,446695.591,2019
1197,18-m-017,14/4/19,male,313978.5933,446691.2352,2019
1198,18-m-017,19/4/19,male,313934.2268,446678.1725,2019
1199,18-m-017,21/4/19,male,313951.261,446695.844,2019
1200,18-m-018,10/2/18,male,313919.9743,446660.1609,2018
1201,18-m-018,20/3/18,male,313912.8737,446644.7208,2018
1202,18-m-019,12/2/18,male,313956.9328,446789.4735,2018
1203,18-m-019,16/2/18,male,313966.7893,446788.9524,2018
1204,18-m-019,17/2/18,male,313951.3892,446793.2171,2018
1205,18-m-020,12/2/18,male,313880.4821,446945.6547,2018
1206,18-m-020,17/2/18,male,313884.9873,446944.8319,2018
1207,18-m-020,25/2/18,male,313873.096,446947.1415,2018
1208,18-m-020,12/3/18,male,313875.4827,446946.3262,2018
1209,18-m-021,12/2/18,male,313894.6669,446919.0214,2018
1210,18-m-021,14/2/18,male,313893.8816,446920.5981,2018
1211,18-m-021,5/3/18,male,313893.5877,446921.9722,2018
1212,18-m-021,14/3/18,male,313901.0798,446915.8665,2018
1213,18-m-021,22/3/18,male,313904.6837,446917.1742,2018
1214,18-m-021,24/3/18,male,313895.0424,446920.1675,2018
1215,18-m-022,12/2/18,male,313900.8719,446883.0447,2018
1216,18-m-022,4/3/18,male,313914.9376,446865.9973,2018
1217,18-m-023,12/2/18,male,313900.7525,446910.2705,2018
1218,18-m-023,15/2/18,male,313900.876,446910.0211,2018
1219,18-m-023,25/2/18,male,313897.3747,446908.039,2018
1220,18-m-024,13/2/18,male,313918.8803,446864.7943,2018
1221,18-m-024,26/2/18,male,313917.6432,446865.5066,2018
1222,18-m-024,4/3/18,male,313917.8185,446865.0065,2018
1223,18-m-024,9/3/18,male,313919.1295,446866.0378,2018
1224,18-m-024,20/4/19,male,313993.603,446800.3945,2019
1225,18-m-025,13/2/18,male,313963.5151,446861.1026,2018
1226,18-m-025,13/3/18,male,313966.5263,446848.8793,2018
1227,18-m-025,20/3/18,male,313940.1509,446840.5069,2018
1228,18-m-025,23/3/18,male,313966.5973,446860.4686,2018
1229,18-m-026,10/2/18,male,313966.5304,446801.3073,2018
1230,18-m-026,13/3/18,male,313970.1339,446805.7368,2018
1231,18-m-026,24/3/18,male,313960.9376,446790.3971,2018
1232,18-m-026,30/3/18,male,313962.3107,446788.5486,2018
1233,18-m-027,10/2/18,male,313963.6288,446787.1313,2018
1234,18-m-027,14/2/18,male,313967.0002,446784.4985,2018
1235,18-m-027,16/2/18,male,313973.8004,446789.2415,2018
1236,18-m-027,12/3/18,male,313966.1053,446784.417,2018
1237,18-m-027,20/3/18,male,313962.3395,446787.5498,2018
1238,18-m-028,12/2/18,male,313925.0233,446859.9844,2018
1239,18-m-028,14/2/18,male,313925.3908,446859.9252,2018
1240,18-m-028,3/3/18,male,313920.5519,446859.3639,2018
1241,18-m-028,6/2/19,male,313948.5735,446785.4558,2019
1242,18-m-028,11/2/19,male,313943.3225,446778.015,2019
1243,18-m-028,25/2/19,male,313947.1811,446786.4264,2019
1244,18-m-028,7/3/19,male,313946.5105,446791.3955,2019
1245,18-m-029,12/2/18,male,313936.726,446868.7804,2018
1246,18-m-029,27/2/18,male,313938.0272,446875.0127,2018
1247,18-m-029,1/3/18,male,313938.1351,446874.8576,2018
1248,18-m-029,16/3/18,male,313924.3529,446867.6844,2018
1249,18-m-029,22/3/18,male,313927.2214,446865.2213,2018
1250,18-m-030,12/2/18,male,313898.4019,446918.7523,2018
1251,18-m-030,15/2/18,male,313896.2333,446919.6738,2018
1252,18-m-031,12/2/18,male,313905.6918,446917.9311,2018
1253,18-m-031,10/3/18,male,313921.8244,446919.0093,2018
1254,18-m-031,11/3/18,male,313919.8601,446919.8345,2018
1255,18-m-031,16/3/18,male,313906.0013,446917.2108,2018
1256,18-m-032,12/2/18,male,313908.0632,446932.3493,2018
1257,18-m-033,12/2/18,male,313921.9794,446858.7854,2018
1258,18-m-033,26/2/18,male,313918.9983,446853.6663,2018
1259,18-m-033,3/3/18,male,313922.2388,446852.578,2018
1260,18-m-034,12/2/18,male,313926.865,446860.8237,2018
1261,18-m-034,1/3/18,male,313927.1769,446865.8807,2018
1262,18-m-034,4/3/18,male,313926.8224,446865.618,2018
1263,18-m-034,9/2/19,male,313977.0014,446851.7477,2019
1264,18-m-034,11/2/19,male,313974.8734,446856.8465,2019
1265,18-m-034,12/2/19,male,313975.6577,446851.9142,2019
1266,18-m-034,3/3/19,male,313973.081,446852.3309,2019
1267,18-m-034,14/3/19,male,313976.1057,446851.8178,2019
1268,18-m-034,19/3/19,male,313976.3306,446852.0063,2019
1269,18-m-034,22/3/19,male,313976.0054,446851.9412,2019
1270,18-m-034,12/4/19,male,313971.8629,446833.0531,2019
1271,18-m-035,12/2/18,male,313918.7475,446915.0257,2018
1272,18-m-036,14/2/18,male,313953.1586,446687.9707,2018
1273,18-m-037,15/2/18,male,313901.0661,446909.9639,2018
1274,18-m-038,16/2/18,male,313982.0429,446853.561,2018
1275,18-m-039,16/2/18,male,314032.7955,446779.7822,2018
1276,18-m-039,14/2/19,male,313963.2339,446735.8022,2019
1277,18-m-039,20/4/19,male,313956.2292,446710.6404,2019
1278,18-m-040,16/2/18,male,313864.1431,446969.3838,2018
1279,18-m-041,16/2/18,male,313886.2242,446976.4913,2018
1280,18-m-041,27/2/18,male,313933.6236,446882.7545,2018
1281,18-m-042,16/2/18,male,313869.8803,447012.003,2018
1282,18-m-042,25/2/18,male,313877.9114,447005.435,2018
1283,18-m-043,17/2/18,male,313960.241,446704.6648,2018
1284,18-m-043,1/3/18,male,313964.314,446693.4011,2018
1285,18-m-043,26/3/18,male,313959.7837,446704.1836,2018
1286,18-m-044,14/2/18,female,313924.1072,446922.4222,2018
1287,18-m-044,10/3/18,female,313921.9912,446918.9946,2018
1288,18-m-045,23/2/18,male,313988.7558,446829.9507,2018
1289,18-m-046,23/2/18,male,313996.2025,446771.6541,2018
1290,18-m-046,5/3/18,male,313995.4153,446769.4665,2018
1291,18-m-046,12/2/19,male,313989.2765,446771.3435,2019
1292,18-m-047,24/2/18,male,313986.2742,446776.4824,2018
1293,18-m-047,11/3/18,male,313985.3728,446773.4579,2018
1294,18-m-047,18/3/18,male,313985.1004,446775.892,2018
1295,18-m-047,20/3/18,male,313985.7877,446771.2322,2018
1296,18-m-047,24/3/18,male,313985.463,446776.3957,2018
1297,18-m-047,30/3/18,male,313985.0653,446774.7073,2018
1298,18-m-048,25/2/18,male,314099.1036,446713.6466,2018
1299,18-m-048,9/3/18,male,314097.2913,446713.3564,2018
1300,18-m-049,3/3/18,male,313922.1438,446852.5669,2018
1301,18-m-050,9/3/18,male,313885.6594,446982.687,2018
1302,18-m-050,15/3/18,male,313885.9395,446982.7298,2018
1303,18-m-051,1/3/18,male,313932.1016,446686.5936,2018
1304,18-m-051,24/3/18,male,313949.9719,446706.3896,2018
1305,18-m-052,15/3/18,male,313906.4371,446915.1081,2018
1306,18-m-053,23/3/18,male,313975.6763,446800.9289,2018
1307,18-m-053,26/3/18,male,313976.365,446799.8019,2018
1308,18-m-053,30/3/18,male,313975.541,446799.1488,2018
1309,18-m-053,6/2/19,male,313963.6542,446800.6328,2019
1310,18-m-053,10/2/19,male,313960.0251,446801.1994,2019
1311,18-m-053,11/2/19,male,313960.2685,446799.287,2019
1312,18-m-053,13/2/19,male,313959.4497,446801.1796,2019
1313,18-m-053,19/2/19,male,313959.586,446791.8582,2019
1314,18-m-053,22/2/19,male,313959.5561,446801.1119,2019
1315,18-m-053,6/3/19,male,313957.779,446803.7632,2019
1316,18-m-053,12/3/19,male,313959.897,446800.7893,2019
1317,18-m-053,15/3/19,male,313957.1212,446801.7673,2019
1318,18-m-053,23/3/19,male,313957.4611,446802.404,2019
1319,18-m-053,26/3/19,male,313957.7369,446801.9438,2019
1320,18-m-053,4/4/19,male,313956.9707,446796.4834,2019
1321,18-m-053,7/4/19,male,313959.8829,446799.4174,2019
1322,18-m-053,13/4/19,male,313981.7527,446788.8953,2019
1323,18-m-053,19/4/19,male,313957.0626,446796.9151,2019
1324,18-m-053,20/4/19,male,313935.9497,446820.4289,2019
1325,18-m-053,22/4/19,male,313959.9147,446800.183,2019
1326,16-f-017,28/3/19,female,313949.0654,446716.3094,2019
1327,19-f-001,9/2/19,female,313977.5029,446851.6467,2019
1328,19-f-002,9/2/19,female,313949.1929,446781.6669,2019
1329,19-f-002,11/2/19,female,313957.1641,446787.6415,2019
1330,19-f-002,24/2/19,male,313948.7995,446781.6823,2019
1331,19-f-003,11/2/19,female,313964.0996,446813.3129,2019
1332,19-f-004,11/2/19,female,313979.803,446819.3772,2019
1333,19-f-005,12/2/19,female,313962.4276,446793.6264,2019
1334,19-f-005,19/2/19,male,313960.0719,446791.9573,2019
1335,19-f-006,11/2/19,female,313961.1887,446737.6098,2019
1336,19-f-006,4/4/19,female,313964.1744,446747.5854,2019
1337,19-f-007,23/2/19,female,313945.2714,446784.9891,2019
1338,19-f-009,30/3/19,female,313974.7708,446719.2086,2019
1339,19-f-010,10/3/19,female,313971.7123,446773.4804,2019
1340,19-f-011,31/3/19,female,313976.4645,446776.8586,2019
1341,19-f-013,2/4/19,female,313956.4757,446761.989,2019
1342,19-f-014,9/4/19,female,314003.6804,446718.2784,2019
1343,19-m-002,9/2/19,male,313997.8186,446784.1884,2019
1344,19-m-002,12/2/19,male,314001.6983,446772.2627,2019
1345,19-m-004,9/2/19,male,313953.0898,446787.0117,2019
1346,19-m-004,12/2/19,male,313952.6948,446786.2657,2019
1347,19-m-005,6/2/19,male,313981.5097,446776.3658,2019
1348,19-m-005,10/2/19,male,313971.8507,446776.357,2019
1349,19-m-005,4/3/19,male,313971.4711,446777.404,2019
1350,19-m-006,10/2/19,male,313956.6984,446686.2144,2019
1351,19-m-007,10/2/19,male,313959.3324,446691.3988,2019
1352,19-m-007,19/2/19,male,313953.7911,446687.1336,2019
1353,19-m-008,6/2/19,male,313952.5668,446689.195,2019
1354,19-m-008,10/2/19,male,313950.9071,446697.7452,2019
1355,19-m-008,14/2/19,male,313952.5514,446688.9432,2019
1356,19-m-008,18/2/19,male,313953.8847,446689.4162,2019
1357,19-m-008,22/2/19,male,313957.9937,446685.1724,2019
1358,19-m-009,10/2/19,male,313963.6397,446691.4006,2019
1359,19-m-009,13/2/19,female,313956.7448,446726.4273,2019
1360,19-m-010,10/2/19,male,313938.7151,446691.6656,2019
1361,19-m-010,19/2/19,male,313953.6885,446688.1511,2019
1362,19-m-010,24/3/19,male,313953.3667,446686.0273,2019
1363,19-m-010,27/3/19,male,313965.1684,446706.5495,2019
1364,19-m-010,7/4/19,male,313953.3841,446688.4772,2019
1365,19-m-010,11/4/19,male,313966.1415,446708.5558,2019
1366,19-m-010,12/4/19,male,313959.3211,446710.8428,2019
1367,19-m-010,15/4/19,male,313958.3886,446709.5289,2019
1368,19-m-010,20/4/19,male,313956.4139,446710.8846,2019
1369,19-m-011,6/2/19,male,313957.2452,446727.7368,2019
1370,19-m-011,10/2/19,male,313960.5483,446726.8317,2019
1371,19-m-011,15/2/19,male,313957.4916,446797.9737,2019
1372,19-m-012,6/2/19,male,313957.0788,446719.5264,2019
1373,19-m-012,9/2/19,male,313956.8826,446717.4915,2019
1374,19-m-012,10/2/19,male,313956.8607,446717.783,2019
1375,19-m-012,12/2/19,male,313956.8842,446717.503,2019
1376,19-m-012,15/2/19,male,313956.8037,446717.8132,2019
1377,19-m-012,21/2/19,male,313956.7955,446716.6781,2019
1378,19-m-012,8/3/19,male,313958.3549,446717.9932,2019
1379,19-m-013,6/2/19,male,313968.0815,446716.7256,2019
1380,19-m-013,9/2/19,male,313970.4433,446707.0767,2019
1381,19-m-013,13/2/19,male,313974.2111,446720.2935,2019
1382,19-m-013,17/2/19,male,313967.7847,446715.3755,2019
1383,19-m-013,21/2/19,male,313968.2896,446719.6646,2019
1384,19-m-013,11/3/19,male,313973.6452,446719.3243,2019
1385,19-m-013,18/3/19,male,313973.9652,446721.0551,2019
1386,19-m-013,21/3/19,male,313974.2741,446719.2139,2019
1387,19-m-014,6/2/19,male,313918.1045,446852.4545,2019
1388,19-m-015,6/2/19,male,313971.0053,446708.0134,2019
1389,19-m-015,9/2/19,male,313970.2964,446717.8366,2019
1390,19-m-016,7/2/19,male,313959.7589,446674.1369,2019
1391,19-m-016,7/3/19,male,313963.8379,446684.115,2019
1392,19-m-017,7/2/19,male,313928.7591,446838.3187,2019
1393,19-m-017,12/2/19,male,313913.6417,446851.523,2019
1394,19-m-018,6/2/19,male,313966.8851,446683.353,2019
1395,19-m-018,10/2/19,male,313969.5011,446684.2198,2019
1396,19-m-018,14/2/19,male,313970.0049,446682.6233,2019
1397,19-m-018,19/2/19,male,313966.7021,446680.9203,2019
1398,19-m-018,3/3/19,male,313965.5311,446681.2005,2019
1399,19-m-018,6/3/19,male,313967.6186,446681.5565,2019
1400,19-m-018,14/3/19,male,313966.947,446681.9099,2019
1401,19-m-018,25/3/19,male,313966.8138,446681.5582,2019
1402,19-m-019,6/2/19,male,313941.829,446783.1846,2019
1403,19-m-019,12/2/19,male,313940.2806,446789.1996,2019
1404,19-m-020,10/2/19,male,313953.5938,446735.0581,2019
1405,19-m-020,14/2/19,male,313952.999,446734.3689,2019
1406,19-m-020,15/2/19,male,313953.0725,446733.6684,2019
1407,19-m-020,18/2/19,male,313953.0804,446733.1334,2019
1408,19-m-020,23/2/19,male,313950.9593,446741.7775,2019
1409,19-m-022,11/2/19,male,313974.6096,446855.8048,2019
1410,19-m-022,27/2/19,male,313975.3164,446856.3348,2019
1411,19-m-022,3/3/19,male,313975.0751,446856.4757,2019
1412,19-m-022,6/3/19,male,313974.8453,446856.7156,2019
1413,19-m-022,7/3/19,male,313975.6798,446856.5572,2019
1414,19-m-022,8/3/19,male,313975.1285,446855.9519,2019
1415,19-m-022,26/3/19,male,313976.7445,446856.399,2019
1416,19-m-022,30/3/19,male,313974.5807,446856.2206,2019
1417,19-m-022,8/4/19,male,313976.3748,446855.2816,2019
1418,19-m-023,11/2/19,male,313963.0532,446813.4019,2019
1419,19-m-023,3/3/19,male,313963.3216,446813.5598,2019
1420,19-m-023,6/3/19,male,313963.6435,446813.4293,2019
1421,19-m-023,7/3/19,male,313966.1233,446813.296,2019
1422,19-m-023,8/3/19,male,313964.4386,446813.7004,2019
1423,19-m-023,18/3/19,male,313965.822,446813.8362,2019
1424,19-m-023,25/3/19,male,313965.8832,446813.5208,2019
1425,19-m-023,30/3/19,male,313965.9024,446813.2336,2019
1426,19-m-023,8/4/19,male,313962.84,446813.102,2019
1427,19-m-023,13/4/19,male,313963.9941,446813.6645,2019
1428,19-m-024,11/2/19,male,313972.2746,446823.1536,2019
1429,19-m-025,11/2/19,male,313979.2529,446819.4779,2019
1430,19-m-026,11/2/19,male,313962.2579,446710.7737,2019
1431,19-m-026,14/2/19,male,313962.4445,446710.501,2019
1432,19-m-026,17/2/19,male,313959.0202,446711.8699,2019
1433,19-m-026,23/2/19,male,313962.1869,446711.6526,2019
1434,19-m-026,25/2/19,male,313962.3708,446710.6412,2019
1435,19-m-026,12/3/19,male,313962.2711,446710.6203,2019
1436,19-m-026,15/3/19,male,313962.3571,446710.3484,2019
1437,19-m-026,19/3/19,male,313962.4171,446710.3417,2019
1438,19-m-026,22/3/19,male,313958.9052,446710.3321,2019
1439,19-m-026,6/4/19,male,313966.7887,446717.3396,2019
1440,19-m-026,9/4/19,male,313997.3771,446721.8805,2019
1441,19-m-026,21/4/19,male,313950.5241,446728.261,2019
1442,19-m-027,11/2/19,male,313962.8722,446739.0052,2019
1443,19-m-027,19/2/19,male,313971.8468,446696.7594,2019
1444,19-m-027,21/2/19,male,313965.7357,446694.6857,2019
1445,19-m-027,22/2/19,male,313974.1275,446697.0412,2019
1446,19-m-027,23/2/19,male,313969.5577,446691.384,2019
1447,19-m-027,13/3/19,male,313966.1517,446682.1594,2019
1448,19-m-027,22/3/19,male,313958.823,446710.1488,2019
1449,19-m-027,27/3/19,male,313956.3167,446710.9623,2019
1450,19-m-027,30/3/19,male,313956.2656,446710.6981,2019
1451,19-m-027,1/4/19,male,313998.0445,446701.8693,2019
1452,19-m-027,5/4/19,male,313956.0759,446710.8962,2019
1453,19-m-027,8/4/19,male,313936.5825,446699.8587,2019
1454,19-m-027,12/4/19,male,313956.319,446713.8709,2019
1455,19-m-027,19/4/19,male,313957.6831,446706.0335,2019
1456,19-m-027,20/4/19,male,313956.1374,446710.7934,2019
1457,19-m-028,11/2/19,male,313977.7366,446694.608,2019
1458,19-m-028,14/2/19,male,313963.3917,446735.9587,2019
1459,19-m-028,18/2/19,male,313961.5439,446738.7888,2019
1460,19-m-028,21/2/19,male,313963.0572,446739.2711,2019
1461,19-m-028,20/3/19,male,313956.7686,446742.0774,2019
1462,19-m-028,21/3/19,male,313958.6541,446739.9898,2019
1463,19-m-028,22/3/19,male,313957.2076,446741.792,2019
1464,19-m-028,25/3/19,male,313958.0584,446740.994,2019
1465,19-m-029,13/2/19,male,313961.8285,446781.8352,2019
1466,19-m-029,16/2/19,male,313961.8007,446781.871,2019
1467,19-m-029,23/2/19,male,313955.2824,446786.3314,2019
1468,19-m-029,7/3/19,male,313954.7845,446785.9923,2019
1469,19-m-029,11/3/19,male,313953.1683,446786.7139,2019
1470,19-m-029,13/3/19,male,313955.2108,446785.1202,2019
1471,19-m-029,16/3/19,male,313961.9585,446781.9353,2019
1472,19-m-029,26/3/19,male,313960.696,446791.3656,2019
1473,19-m-029,29/3/19,male,313962.0231,446781.8466,2019
1474,19-m-029,1/4/19,male,313993.6403,446800.4054,2019
1475,19-m-029,7/4/19,male,313962.163,446781.7554,2019
1476,19-m-029,20/4/19,male,313956.9843,446799.5403,2019
1477,19-m-030,21/2/19,male,313961.8568,446833.7697,2019
1478,19-m-031,21/2/19,male,313960.1238,446832.4332,2019
1479,19-m-032,22/2/19,male,313988.6388,446778.8776,2019
1480,19-m-034,9/3/19,male,313963.6103,446761.195,2019
1481,19-m-035,28/3/19,male,313946.2665,446719.8196,2019
1482,19-m-036,29/3/19,male,313993.4009,446800.3965,2019
1483,19-m-037,2/4/19,male,313985.9673,446831.4179,2019
1484,19-m-038,9/4/19,male,313988.0419,446720.1177,2019
1485,19-m-039,22/4/19,male,313956.7431,446762.4049,2019