"","id","species","sex","date","relocs","behavior","temp","daily_dist"
"1","f10","afemo","f",2016-02-13,5,"base",24.3100769230769,29.0805020339641
"2","f10","afemo","f",2016-02-14,6,"base",24.9690961538462,2.131375520802
"3","f10","afemo","f",2016-02-15,6,"base",25.434,1.21876007278191
"4","f10","afemo","f",2016-02-16,5,"base",25.7012115384615,2.09748681513406
"5","f10","afemo","f",2016-02-17,6,"base",25.4579230769231,4.19329596244993
"6","f10","afemo","f",2016-02-18,6,"base",24.6873076923077,4.34208731112919
"7","f10","afemo","f",2016-02-19,5,"base",25.0747307692308,1.15373191880097
"8","f10","afemo","f",2016-02-20,6,"base",25.1080576923077,12.7617099025033
"9","f10","afemo","f",2016-02-21,5,"base",25.1138269230769,6.01947487699862
"10","f10","afemo","f",2016-02-22,6,"base",25.1374423076923,9.10597045469617
"11","f10","afemo","f",2016-02-23,5,"base",25.063,2.20560685043374
"12","f12","afemo","f",2016-02-18,5,"base",24.6873076923077,16.6237203508753
"13","f12","afemo","f",2016-02-19,5,"base",25.0747307692308,0.782842712449924
"14","f12","afemo","f",2016-02-20,5,"base",25.1080576923077,5.78777199101723
"15","f12","afemo","f",2016-02-21,5,"w_op_sex",25.1138269230769,7.25532984541729
"16","f12","afemo","f",2016-02-22,5,"w_op_sex",25.1374423076923,5.93596298487814
"17","f12","afemo","f",2016-02-23,5,"base",25.063,5.9705540787947
"18","f12","afemo","f",2016-02-24,5,"base",25.4807115384615,5.34007543510381
"19","f12","afemo","f",2016-02-25,5,"base",25.2731153846154,3.95607845009886
"20","f13","afemo","f",2016-02-19,5,"base",25.0747307692308,5.20715336777976
"21","f13","afemo","f",2016-02-20,5,"base",25.1080576923077,2.96102375210477
"22","f13","afemo","f",2016-02-21,5,"base",25.1138269230769,11.437830940482
"23","f13","afemo","f",2016-02-22,5,"base",25.1374423076923,10.2005330175518
"24","f13","afemo","f",2016-02-23,5,"base",25.063,16.5271203450917
"25","f13","afemo","f",2016-02-24,6,"w_op_sex",25.4807115384615,15.7001665631161
"26","f14","afemo","f",2016-03-03,6,"base",25.8668269230769,4.83844649167942
"27","f14","afemo","f",2016-03-04,5,"base",25.3151730769231,2.02280097183335
"28","f14","afemo","f",2016-03-05,5,"w_op_sex",25.3334807692308,3.03693935383277
"29","f14","afemo","f",2016-03-06,5,"base",25.7543653846154,2.44178500216363
"30","f14","afemo","f",2016-03-07,5,"w_op_sex",25.992,1.36883138056869
"31","f14","afemo","f",2016-03-08,5,"base",26.1193076923077,1.76502815399002
"32","f14","afemo","f",2016-03-09,5,"w_op_sex",25.2220384615385,5.36433858282716
"33","f14","afemo","f",2016-03-10,5,"base",25.34825,9.41794226330667
"34","f14","afemo","f",2016-03-11,6,"w_op_sex",24.5578846153846,12.5470237868949
"35","f14","afemo","f",2016-03-12,4,"w_op_sex",24.808,25.8345333633431
"36","f14","afemo","f",2016-03-13,3,"base",25.1152884615385,15.9657089825211
"37","f14","afemo","f",2016-03-14,5,"base",25.8607692307692,3.08862417618279
"38","f14","afemo","f",2016-03-15,5,"base",25.8836346153846,0.599070478466762
"39","f14","afemo","f",2016-03-16,6,"base",26.2543653846154,2.20239137779538
"40","f14","afemo","f",2016-03-17,6,"base",25.9010961538462,2.27776238442354
"41","f15","afemo","f",2016-03-03,6,"base",25.8668269230769,4.96665530437624
"42","f15","afemo","f",2016-03-04,5,"base",25.3151730769231,4.6692099353689
"43","f15","afemo","f",2016-03-05,6,"base",25.3334807692308,4.44832110093319
"44","f15","afemo","f",2016-03-06,5,"base",25.7543653846154,4.27070764889394
"45","f15","afemo","f",2016-03-07,5,"base",25.992,2.62058681555845
"46","f15","afemo","f",2016-03-08,6,"base",26.1193076923077,1.1478708664866
"47","f15","afemo","f",2016-03-09,5,"base",25.2220384615385,3.78312071362596
"48","f15","afemo","f",2016-03-10,5,"w_op_sex",25.34825,7.2319291002176
"49","f15","afemo","f",2016-03-11,5,"w_op_sex",24.5578846153846,7.30377224245925
"50","f15","afemo","f",2016-03-12,5,"base",24.808,9.56973306943324
"51","f15","afemo","f",2016-03-13,5,"w_op_sex",25.1152884615385,14.5184491373113
"52","f15","afemo","f",2016-03-14,5,"base",25.8607692307692,0.299999999930151
"53","f15","afemo","f",2016-03-15,5,"base",25.8836346153846,11.3980137667103
"54","f15","afemo","f",2016-03-16,6,"base",26.2543653846154,4.40935483484557
"55","f15","afemo","f",2016-03-17,5,"base",25.9010961538462,13.4732894139513
"56","f16","afemo","f",2016-03-03,6,"base",25.8668269230769,7.36813776018687
"57","f16","afemo","f",2016-03-04,5,"base",25.3151730769231,6.76119698932185
"58","f16","afemo","f",2016-03-05,5,"w_op_sex",25.3334807692308,24.2514727436821
"59","f16","afemo","f",2016-03-06,5,"w_op_sex",25.7543653846154,23.4579504875013
"60","f16","afemo","f",2016-03-07,5,"w_op_sex",25.992,7.26626030841174
"61","f16","afemo","f",2016-03-08,5,"base",26.1193076923077,0.930056307961523
"62","f16","afemo","f",2016-03-09,4,"base",25.2220384615385,8.88932804903256
"63","f16","afemo","f",2016-03-10,5,"base",25.34825,25.8294670840632
"64","f16","afemo","f",2016-03-11,5,"base",24.5578846153846,13.0577192412884
"65","f16","afemo","f",2016-03-12,5,"base",24.808,6.76468827050793
"66","f16","afemo","f",2016-03-13,5,"base",25.1152884615385,15.4073762232501
"67","f16","afemo","f",2016-03-14,5,"base",25.8607692307692,3.3646646478554
"68","f16","afemo","f",2016-03-15,5,"base",25.8836346153846,0.582842712537649
"69","f16","afemo","f",2016-03-16,6,"base",26.2543653846154,7.64775655810298
"70","f16","afemo","f",2016-03-17,5,"w_op_sex",25.9010961538462,20.1536429692143
"71","f17","afemo","f",2016-03-04,5,"base",25.3151730769231,5.40561489223334
"72","f17","afemo","f",2016-03-05,5,"base",25.3334807692308,8.465595590036
"73","f17","afemo","f",2016-03-06,5,"base",25.7543653846154,4.12967228262111
"74","f17","afemo","f",2016-03-07,5,"base",25.992,2.82257009057266
"75","f18","afemo","f",2016-03-04,5,"base",25.3151730769231,5.08744733174623
"76","f18","afemo","f",2016-03-05,6,"base",25.3334807692308,1.75467743306055
"77","f18","afemo","f",2016-03-06,5,"base",25.7543653846154,1.2841619252725
"78","f18","afemo","f",2016-03-07,5,"base",25.992,1.27585337198996
"79","f18","afemo","f",2016-03-08,4,"base",26.1193076923077,3.70152003697902
"80","f18","afemo","f",2016-03-09,5,"base",25.2220384615385,7.97048885736002
"81","f18","afemo","f",2016-03-10,5,"w_op_sex",25.34825,10.2095421156814
"82","f18","afemo","f",2016-03-11,6,"w_op_sex",24.5578846153846,11.791488053632
"83","f18","afemo","f",2016-03-12,5,"w_op_sex",24.808,1.96142715788195
"84","f18","afemo","f",2016-03-13,5,"base",25.1152884615385,7.53208607263397
"85","f18","afemo","f",2016-03-14,5,"base",25.8607692307692,3.25481866313396
"86","f18","afemo","f",2016-03-15,5,"base",25.8836346153846,2.98889190456887
"87","f18","afemo","f",2016-03-16,6,"base",26.2543653846154,10.7980692153694
"88","f18","afemo","f",2016-03-17,6,"base",25.9010961538462,6.58585111307798
"89","f19","afemo","f",2016-03-04,5,"base",25.3151730769231,1.04721359558695
"90","f19","afemo","f",2016-03-05,5,"w_op_sex",25.3334807692308,6.44614647222452
"91","f19","afemo","f",2016-03-06,5,"base",25.7543653846154,4.7127333739052
"92","f19","afemo","f",2016-03-07,5,"base",25.992,1.11529824461437
"93","f19","afemo","f",2016-03-08,5,"base",26.1193076923077,1.4773387166119
"94","f19","afemo","f",2016-03-09,5,"base",25.2220384615385,3.8787822119604
"95","f19","afemo","f",2016-03-10,5,"base",25.34825,3.92395255802154
"96","f19","afemo","f",2016-03-11,5,"base",24.5578846153846,1.51138104101054
"97","f20","afemo","f",2016-03-05,6,"base",25.3334807692308,3.49689705243631
"98","f20","afemo","f",2016-03-06,5,"base",25.7543653846154,7.00946070122383
"99","f20","afemo","f",2016-03-07,5,"base",25.992,0.647213595543776
"100","f20","afemo","f",2016-03-08,5,"base",26.1193076923077,2.32654543437616
"101","f20","afemo","f",2016-03-09,5,"base",25.2220384615385,4.47674718919851
"102","f20","afemo","f",2016-03-10,5,"w_op_sex",25.34825,28.8174647207507
"103","f20","afemo","f",2016-03-11,7,"w_op_sex",24.5578846153846,28.6031990060376
"104","f20","afemo","f",2016-03-12,5,"base",24.808,4.61248322625517
"105","f20","afemo","f",2016-03-13,5,"base",25.1152884615385,3.10384048095729
"106","f20","afemo","f",2016-03-14,5,"base",25.8607692307692,4.82294479214975
"107","f20","afemo","f",2016-03-15,5,"base",25.8836346153846,1.73071357902559
"108","f20","afemo","f",2016-03-16,6,"base",26.2543653846154,2.04822792306396
"109","f20","afemo","f",2016-03-17,5,"base",25.9010961538462,20.8335833068464
"110","f20","afemo","f",2016-03-18,7,"w_op_sex",25.8256538461538,11.4859334221268
"111","f20","afemo","f",2016-03-19,6,"base",25.6839230769231,19.9689591091309
"112","f21","afemo","f",2016-03-06,5,"base",25.7543653846154,1.87028442479912
"113","f21","afemo","f",2016-03-07,5,"base",25.992,1.43152601059005
"114","f21","afemo","f",2016-03-08,5,"base",26.1193076923077,1.20486271785769
"115","f21","afemo","f",2016-03-09,5,"w_op_sex",25.2220384615385,19.2058212123398
"116","f21","afemo","f",2016-03-10,6,"base",25.34825,4.70718081901988
"117","f21","afemo","f",2016-03-11,5,"base",24.5578846153846,7.58589212953753
"118","f21","afemo","f",2016-03-12,5,"base",24.808,4.10123444853899
"119","f21","afemo","f",2016-03-13,3,"base",25.1152884615385,9.27152833331067
"120","f21","afemo","f",2016-03-14,5,"base",25.8607692307692,6.61684640045234
"121","f21","afemo","f",2016-03-15,5,"w_op_sex",25.8836346153846,1.49111896542967
"122","f21","afemo","f",2016-03-16,6,"base",26.2543653846154,3.07237130090554
"123","f21","afemo","f",2016-03-17,6,"base",25.9010961538462,6.50772850312479
"124","f22","afemo","f",2016-03-12,5,"base",24.808,7.24521398088562
"125","f22","afemo","f",2016-03-13,5,"base",25.1152884615385,4.07875765026618
"126","f22","afemo","f",2016-03-14,5,"base",25.8607692307692,9.67320489798485
"127","f22","afemo","f",2016-03-15,5,"w_op_sex",25.8836346153846,10.6695291981422
"128","f22","afemo","f",2016-03-16,6,"base",26.2543653846154,3.07142634423966
"129","f22","afemo","f",2016-03-17,6,"base",25.9010961538462,15.1855896981166
"130","f22","afemo","f",2016-03-18,7,"base",25.8256538461538,10.8991292417116
"131","f22","afemo","f",2016-03-19,6,"w_op_sex",25.6839230769231,16.257174350876
"132","f3","afemo","f",2016-02-09,6,"w_op_sex",26.0165,10.1087313786541
"133","f3","afemo","f",2016-02-10,6,"w_op_sex",25.4320769230769,24.5295792767506
"134","f3","afemo","f",2016-02-11,6,"base",25.5321153846154,3.3191024785595
"135","f3","afemo","f",2016-02-12,5,"base",25.2355769230769,3.38722075997939
"136","f3","afemo","f",2016-02-13,5,"base",24.3100769230769,6.65389614548109
"137","f3","afemo","f",2016-02-14,6,"base",24.9690961538462,12.7194857504692
"138","f3","afemo","f",2016-02-15,6,"base",25.434,7.06137276954586
"139","f3","afemo","f",2016-02-16,5,"base",25.7012115384615,5.4723469203728
"140","f3","afemo","f",2016-02-17,5,"base",25.4579230769231,4.76156831640668
"141","f3","afemo","f",2016-02-18,6,"base",24.6873076923077,12.6411262623859
"142","f3","afemo","f",2016-02-19,5,"w_op_sex",25.0747307692308,12.003903438194
"143","f3","afemo","f",2016-02-20,5,"w_op_sex",25.1080576923077,22.6381514732334
"144","f3","afemo","f",2016-02-21,5,"base",25.1138269230769,3.19080918700318
"145","f5","afemo","f",2016-02-11,6,"base",25.5321153846154,5.3664236376723
"146","f5","afemo","f",2016-02-12,5,"base",25.2355769230769,10.9463804952394
"147","f5","afemo","f",2016-02-13,5,"base",24.3100769230769,9.39014653834572
"148","f5","afemo","f",2016-02-14,5,"base",24.9690961538462,8.97409474146879
"149","f5","afemo","f",2016-02-15,6,"base",25.434,5.33159747089925
"150","f5","afemo","f",2016-02-16,5,"base",25.7012115384615,8.34977366207258
"151","f5","afemo","f",2016-02-17,5,"base",25.4579230769231,3.08968209080301
"152","f5","afemo","f",2016-02-18,6,"base",24.6873076923077,7.9296491357209
"153","f5","afemo","f",2016-02-19,5,"base",25.0747307692308,22.7367855091125
"154","f5","afemo","f",2016-02-20,6,"base",25.1080576923077,9.61653595247431
"155","f5","afemo","f",2016-02-21,5,"base",25.1138269230769,13.6618376528024
"156","f5","afemo","f",2016-02-22,5,"base",25.1374423076923,11.956679476272
"157","f5","afemo","f",2016-02-23,6,"w_op_sex",25.063,23.694059250794
"158","f5","afemo","f",2016-02-24,5,"base",25.4807115384615,3.96687274968532
"159","f6","afemo","f",2016-02-12,5,"base",25.2355769230769,11.8713622717311
"160","f6","afemo","f",2016-02-13,5,"base",24.3100769230769,9.53940954080951
"161","f6","afemo","f",2016-02-14,5,"base",24.9690961538462,5.10975568496358
"162","f6","afemo","f",2016-02-15,5,"base",25.434,4.26668203693794
"163","f6","afemo","f",2016-02-16,5,"base",25.7012115384615,4.45898922583835
"164","f6","afemo","f",2016-02-17,5,"base",25.4579230769231,3.58827187893822
"165","f6","afemo","f",2016-02-18,5,"base",24.6873076923077,14.7179367638427
"166","f6","afemo","f",2016-02-19,6,"pool_move",25.0747307692308,28.3266076456014
"167","f6","afemo","f",2016-02-20,6,"w_op_sex",25.1080576923077,13.0677809484451
"168","f6","afemo","f",2016-02-21,6,"w_op_sex",25.1138269230769,12.7629489096911
"169","f6","afemo","f",2016-02-22,5,"base",25.1374423076923,10.1471623647067
"170","f6","afemo","f",2016-02-23,5,"base",25.063,5.91450282555769
"171","f6","afemo","f",2016-02-24,5,"w_op_sex",25.4807115384615,8.60509995631244
"172","f6","afemo","f",2016-02-25,5,"base",25.2731153846154,15.7399667472145
"173","f8","afemo","f",2016-02-12,5,"base",25.2355769230769,1.24812334352961
"174","f8","afemo","f",2016-02-13,5,"base",24.3100769230769,3.29705627492239
"175","f8","afemo","f",2016-02-14,5,"base",24.9690961538462,0.747870866547559
"176","f8","afemo","f",2016-02-15,6,"base",25.434,0.400000000081491
"177","f8","afemo","f",2016-02-16,6,"base",25.7012115384615,5.60147027032188
"178","f9","afemo","f",2016-02-12,5,"base",25.2355769230769,7.89859879471969
"179","f9","afemo","f",2016-02-13,5,"base",24.3100769230769,5.58935781378946
"180","f9","afemo","f",2016-02-14,5,"base",24.9690961538462,1.57330440701087
"181","f9","afemo","f",2016-02-15,5,"base",25.434,2.06645830161019
"182","m1","afemo","m",2018-03-19,4,"base",24.946,7.05648452972554
"183","m1","afemo","m",2018-03-20,4,"base",25.0095384615385,9.27422785238775
"184","m1","afemo","m",2018-03-21,4,"base",25.2320064102564,7.69512107901767
"185","m1","afemo","m",2018-03-22,4,"base",25.5204871794872,11.1506909625799
"186","m1","afemo","m",2018-03-24,3,"base",24.0938525641026,10.1127330670104
"187","m1","afemo","m",2018-03-25,4,"base",24.2184358974359,4.35029487839634
"188","m1","afemo","m",2018-03-26,4,"w_op_sex",24.4937051282051,8.80463939900836
"189","m1","afemo","m",2018-03-27,4,"w_op_sex",25.4380897435897,12.5442061224136
"190","m1","afemo","m",2018-03-28,5,"base",26.0051474358974,6.41660674778213
"191","m1","afemo","m",2018-03-29,4,"base",25.4237435897436,7.71786788390942
"192","m1","afemo","m",2018-03-30,4,"base",25.700641025641,5.75930388919045
"193","m1","afemo","m",2018-03-31,4,"base",24.2910897435897,27.2828399906581
"194","m1","afemo","m",2018-04-01,5,"pool_move",24.2435,90.1145923995001
"195","m10","afemo","m",2018-04-06,4,"w_op_sex",24.4117179487179,6.4467274605013
"196","m10","afemo","m",2018-04-07,4,"w_op_sex",23.6758269230769,16.8279204953809
"197","m10","afemo","m",2018-04-08,4,"base",24.7805769230769,4.64485266139717
"198","m10","afemo","m",2018-04-09,4,"base",25.031391025641,9.39543422844466
"199","m10","afemo","m",2018-04-10,4,"base",25.2441025641026,6.6503119501599
"200","m10","afemo","m",2018-04-11,4,"w_op_sex",24.8162820512821,18.8042870257142
"201","m10","afemo","m",2018-04-12,4,"base",24.0823397435897,18.9666468732966
"202","m10","afemo","m",2018-04-13,4,"base",24.7245320512821,4.17439504561954
"203","m10","afemo","m",2018-04-14,4,"base",24.23875,15.2393675757608
"204","m10","afemo","m",2018-04-15,4,"base",24.6206153846154,16.1219799537953
"205","m10","afemo","m",2018-04-16,4,"base",24.9670641025641,9.87216685714569
"206","m10","afemo","m",2018-04-17,4,"base",25.3427692307692,16.7479299653598
"207","m11","afemo","m",2018-04-06,4,"base",24.4117179487179,1.38566011125762
"208","m11","afemo","m",2018-04-07,4,"base",23.6758269230769,9.3820953053215
"209","m11","afemo","m",2018-04-08,5,"base",24.7805769230769,42.8371639777715
"210","m11","afemo","m",2018-04-09,4,"base",25.031391025641,9.53231484376581
"211","m11","afemo","m",2018-04-10,4,"base",25.2441025641026,13.6974253366441
"212","m11","afemo","m",2018-04-11,4,"base",24.8162820512821,14.2634253292478
"213","m11","afemo","m",2018-04-12,4,"base",24.0823397435897,29.7431618220906
"214","m11","afemo","m",2018-04-13,4,"base",24.7245320512821,32.8611043365016
"215","m11","afemo","m",2018-04-14,4,"base",24.23875,16.1084645272064
"216","m11","afemo","m",2018-04-15,4,"base",24.6206153846154,11.9211350226725
"217","m11","afemo","m",2018-04-16,4,"base",24.9670641025641,13.1652293762864
"218","m11","afemo","m",2018-04-17,4,"base",25.3427692307692,8.45422635547305
"219","m12","afemo","m",2018-04-07,4,"base",23.6758269230769,10.6256031325104
"220","m12","afemo","m",2018-04-08,4,"w_op_sex",24.7805769230769,11.1258063510342
"221","m12","afemo","m",2018-04-09,4,"base",25.031391025641,16.5394824260956
"222","m12","afemo","m",2018-04-10,4,"base",25.2441025641026,3.83836120251966
"223","m12","afemo","m",2018-04-11,4,"base",24.8162820512821,4.79086135787884
"224","m12","afemo","m",2018-04-12,4,"base",24.0823397435897,7.04812424258791
"225","m12","afemo","m",2018-04-13,3,"w_op_sex",24.7245320512821,14.4333843537199
"226","m12","afemo","m",2018-04-14,4,"base",24.23875,9.31715997244752
"227","m12","afemo","m",2018-04-15,4,"base",24.6206153846154,7.39330678241409
"228","m12","afemo","m",2018-04-16,4,"base",24.9670641025641,26.0713538200622
"229","m12","afemo","m",2018-04-17,4,"base",25.3427692307692,10.5718719206922
"230","m2","afemo","m",2018-03-19,4,"base",24.946,13.2509532192446
"231","m2","afemo","m",2018-03-20,4,"base",25.0095384615385,6.21148592678996
"232","m2","afemo","m",2018-03-21,4,"base",25.2320064102564,6.95867433402091
"233","m2","afemo","m",2018-03-22,4,"base",25.5204871794872,6.75383418484292
"234","m2","afemo","m",2018-03-23,4,"base",25.5957179487179,6.99896290350469
"235","m2","afemo","m",2018-03-24,4,"w_op_sex",24.0938525641026,15.4779410922576
"236","m2","afemo","m",2018-03-25,6,"pool_move",24.2184358974359,186.397108041657
"237","m2","afemo","m",2018-03-26,4,"base",24.4937051282051,14.2946240518668
"238","m2","afemo","m",2018-03-27,5,"base",25.4380897435897,16.8865253935171
"239","m2","afemo","m",2018-03-28,4,"base",26.0051474358974,10.8230497228389
"240","m2","afemo","m",2018-03-29,4,"base",25.4237435897436,7.68025829113104
"241","m2","afemo","m",2018-03-30,4,"base",25.700641025641,6.61784699281099
"242","m2","afemo","m",2018-03-31,6,"pool_move",24.2910897435897,83.0006890379184
"243","m2","afemo","m",2018-04-01,4,"base",24.2435,9.9133495688743
"244","m3","afemo","m",2018-03-19,6,"pool_move",24.946,93.8782787420856
"245","m3","afemo","m",2018-03-20,4,"w_op_sex",25.0095384615385,22.0034656184217
"246","m3","afemo","m",2018-03-21,4,"base",25.2320064102564,10.9944609584748
"247","m3","afemo","m",2018-03-22,4,"base",25.5204871794872,10.8592897289664
"248","m3","afemo","m",2018-03-23,4,"base",25.5957179487179,11.8640505829895
"249","m3","afemo","m",2018-03-24,4,"base",24.0938525641026,19.9074719371927
"250","m3","afemo","m",2018-03-25,4,"base",24.2184358974359,23.9796807350649
"251","m3","afemo","m",2018-03-26,4,"base",24.4937051282051,16.6089718170182
"252","m3","afemo","m",2018-03-27,5,"base",25.4380897435897,12.4285825289448
"253","m3","afemo","m",2018-03-28,5,"base",26.0051474358974,35.6903896617085
"254","m3","afemo","m",2018-03-29,4,"base",25.4237435897436,17.9735439631454
"255","m3","afemo","m",2018-03-30,4,"base",25.700641025641,5.66223997099078
"256","m3","afemo","m",2018-03-31,4,"base",24.2910897435897,34.9899245223014
"257","m4","afemo","m",2018-03-20,4,"base",25.0095384615385,0.657649122274021
"258","m4","afemo","m",2018-03-21,7,"pool_move",25.2320064102564,132.654710935748
"259","m4","afemo","m",2018-03-22,4,"base",25.5204871794872,6.01626208842522
"260","m4","afemo","m",2018-03-23,4,"base",25.5957179487179,17.3100187185645
"261","m4","afemo","m",2018-03-24,4,"base",24.0938525641026,17.7510008996941
"262","m4","afemo","m",2018-03-25,4,"base",24.2184358974359,11.334702895646
"263","m4","afemo","m",2018-03-26,4,"base",24.4937051282051,1.44337919846814
"264","m4","afemo","m",2018-03-27,4,"base",25.4380897435897,6.24894262444022
"265","m4","afemo","m",2018-03-28,4,"base",26.0051474358974,10.7016866578463
"266","m4","afemo","m",2018-03-29,4,"base",25.4237435897436,7.11826744839722
"267","m4","afemo","m",2018-03-30,4,"base",25.700641025641,9.18635348832951
"268","m4","afemo","m",2018-03-31,5,"pool_move",24.2910897435897,101.617007210503
"269","m4","afemo","m",2018-04-01,4,"base",24.2435,19.7040416000018
"270","m5","afemo","m",2018-03-20,4,"base",25.0095384615385,6.34506861045596
"271","m5","afemo","m",2018-03-21,4,"w_op_sex",25.2320064102564,9.21321911945894
"272","m5","afemo","m",2018-03-22,4,"base",25.5204871794872,14.6634582725204
"273","m5","afemo","m",2018-03-23,4,"base",25.5957179487179,11.6201840341318
"274","m5","afemo","m",2018-03-24,4,"w_op_sex",24.0938525641026,19.0739537481509
"275","m5","afemo","m",2018-03-25,4,"w_op_sex",24.2184358974359,25.5878448758866
"276","m5","afemo","m",2018-03-26,4,"base",24.4937051282051,5.62744286299392
"277","m5","afemo","m",2018-03-27,4,"base",25.4380897435897,6.14241005891707
"278","m5","afemo","m",2018-03-28,4,"base",26.0051474358974,1.75241746962865
"279","m5","afemo","m",2018-03-29,4,"base",25.4237435897436,13.6791266876661
"280","m5","afemo","m",2018-03-30,4,"w_op_sex",25.700641025641,15.5902568236538
"281","m5","afemo","m",2018-03-31,4,"base",24.2910897435897,16.9292496422599
"282","m5","afemo","m",2018-04-01,5,"pool_move",24.2435,112.879001860748
"283","m6","afemo","m",2018-03-27,4,"base",25.4380897435897,16.0995741328101
"284","m6","afemo","m",2018-03-28,4,"base",26.0051474358974,7.1730787063746
"285","m6","afemo","m",2018-03-29,4,"base",25.4237435897436,14.6852027148042
"286","m6","afemo","m",2018-03-30,4,"base",25.700641025641,5.55922773771409
"287","m6","afemo","m",2018-03-31,4,"base",24.2910897435897,21.633825164437
"288","m6","afemo","m",2018-04-01,4,"base",24.2435,14.8603936627032
"289","m6","afemo","m",2018-04-02,4,"base",24.9390128205128,9.60620861241252
"290","m6","afemo","m",2018-04-03,4,"pool_move",24.9855,35.1791700184095
"291","m6","afemo","m",2018-04-04,4,"base",24.756282051282,8.81296867282515
"292","m6","afemo","m",2018-04-05,4,"base",25.1779615384615,6.67378726064666
"293","m6","afemo","m",2018-04-06,4,"base",24.4117179487179,10.0086668999936
"294","m6","afemo","m",2018-04-07,4,"base",23.6758269230769,21.0515619054311
"295","m7","afemo","m",2018-04-06,4,"w_op_sex",24.4117179487179,14.4071101984221
"296","m7","afemo","m",2018-04-07,4,"base",23.6758269230769,8.00798318757674
"297","m7","afemo","m",2018-04-08,4,"base",24.7805769230769,11.9434163796548
"298","m7","afemo","m",2018-04-09,5,"w_op_sex",25.031391025641,10.6989877426393
"299","m7","afemo","m",2018-04-10,4,"w_op_sex",25.2441025641026,4.82474909791294
"300","m7","afemo","m",2018-04-11,4,"base",24.8162820512821,2.59997762009037
"301","m7","afemo","m",2018-04-12,4,"base",24.0823397435897,11.6135954666264
"302","m7","afemo","m",2018-04-13,4,"base",24.7245320512821,7.42963360080745
"303","m7","afemo","m",2018-04-14,4,"base",24.23875,22.8840607426794
"304","m7","afemo","m",2018-04-15,4,"w_op_sex",24.6206153846154,12.6815757861333
"305","m7","afemo","m",2018-04-16,4,"base",24.9670641025641,12.6462503985371
"306","m7","afemo","m",2018-04-17,4,"base",25.3427692307692,17.4763585949369
"307","m8","afemo","m",2018-04-06,4,"w_op_sex",24.4117179487179,6.7121280276389
"308","m8","afemo","m",2018-04-07,4,"base",23.6758269230769,6.02271254024122
"309","m8","afemo","m",2018-04-08,4,"base",24.7805769230769,12.2878525711556
"310","m8","afemo","m",2018-04-09,4,"w_op_sex",25.031391025641,4.35544683930088
"311","m8","afemo","m",2018-04-10,4,"base",25.2441025641026,5.24395969931259
"312","m8","afemo","m",2018-04-11,4,"base",24.8162820512821,1.19814095699743
"313","m8","afemo","m",2018-04-12,4,"base",24.0823397435897,31.3861606319586
"314","m8","afemo","m",2018-04-13,4,"base",24.7245320512821,3.08679568008278
"315","m8","afemo","m",2018-04-14,4,"base",24.23875,34.5108271832437
"316","m8","afemo","m",2018-04-15,4,"base",24.6206153846154,51.9745752198026
"317","m8","afemo","m",2018-04-16,4,"base",24.9670641025641,23.21252457329
"318","m8","afemo","m",2018-04-17,4,"base",25.3427692307692,18.7427398798499
"319","m9","afemo","m",2018-04-06,4,"base",24.4117179487179,13.2232012532869
"320","m9","afemo","m",2018-04-07,4,"base",23.6758269230769,16.4590683427988
"321","m9","afemo","m",2018-04-08,4,"base",24.7805769230769,13.5644010030379
"322","m9","afemo","m",2018-04-09,4,"base",25.031391025641,7.53336825836472
"323","m9","afemo","m",2018-04-10,4,"base",25.2441025641026,18.2658239971429
"324","m9","afemo","m",2018-04-11,4,"base",24.8162820512821,18.2170739691546
"325","m9","afemo","m",2018-04-12,6,"pool_move",24.0823397435897,59.0988307842449
"326","m9","afemo","m",2018-04-13,4,"base",24.7245320512821,9.36989247843176
"327","m9","afemo","m",2018-04-14,4,"base",24.23875,17.3662744140514
"328","m9","afemo","m",2018-04-15,3,"base",24.6206153846154,17.7070327590561
"329","m9","afemo","m",2018-04-17,5,"pool_move",25.3427692307692,59.875713149326
"330","t01","dtinc","f",2016-01-28,5,"base",24.7785576923077,33.5139330669805
"331","t01","dtinc","f",2016-01-29,4,"base",23.7040096153846,32.9699067247522
"332","t01","dtinc","f",2016-01-30,4,"base",23.2501538461538,33.414566441339
"333","t01","dtinc","f",2016-01-31,4,"base",23.4131442307692,25.8773334653841
"334","t01","dtinc","f",2016-02-01,4,"base",24.0618173076923,23.7886250643822
"335","t01","dtinc","f",2016-02-02,4,"base",23.4199903846154,34.0271454370833
"336","t01","dtinc","f",2016-02-03,4,"w_op_sex",24.3962788461538,34.9883817235256
"337","t01","dtinc","f",2016-02-04,4,"base",24.9756346153846,30.2738032116761
"338","t01","dtinc","f",2016-02-05,4,"w_op_sex",25.2383942307692,19.7811307350674
"339","t01","dtinc","f",2016-02-06,4,"base",24.3399807692308,37.9570573321124
"340","t01","dtinc","f",2016-02-07,4,"base",24.4609711538462,21.3223245613607
"341","t01","dtinc","f",2016-02-08,3,"w_op_sex",25.0664230769231,19.7463916330314
"342","t01","dtinc","f",2016-02-09,4,"base",25.9222980769231,36.0821435302448
"343","t02","dtinc","m",2016-01-29,4,"base",23.7040096153846,14.7616922644041
"344","t02","dtinc","m",2016-01-30,4,"w_op_sex",23.2501538461538,14.8735779464856
"345","t02","dtinc","m",2016-01-31,4,"base",23.4131442307692,30.2257296395678
"346","t02","dtinc","m",2016-02-01,4,"w_op_sex",24.0618173076923,23.3123837188944
"347","t02","dtinc","m",2016-02-02,5,"base",23.4199903846154,54.3778558636903
"348","t02","dtinc","m",2016-02-03,4,"base",24.3962788461538,31.3471299202419
"349","t02","dtinc","m",2016-02-04,4,"w_op_sex",24.9756346153846,15.4468053205042
"350","t02","dtinc","m",2016-02-05,4,"base",25.2383942307692,23.3414376814286
"351","t02","dtinc","m",2016-02-06,5,"base",24.3399807692308,55.399155096226
"352","t02","dtinc","m",2016-02-07,4,"base",24.4609711538462,14.4569247742929
"353","t02","dtinc","m",2016-02-08,5,"w_op_sex",25.0664230769231,13.1056073136832
"354","t02","dtinc","m",2016-02-09,4,"w_op_sex",25.9222980769231,50.0471517111846
"355","t02","dtinc","m",2016-02-10,4,"base",25.2610096153846,13.0455600343195
"356","t02","dtinc","m",2016-02-11,4,"base",25.1670769230769,21.8134214913159
"357","t02","dtinc","m",2016-02-12,4,"base",24.767375,14.1539459069054
"358","t02","dtinc","m",2016-02-13,4,"base",23.9994615384615,21.7351733015768
"359","t02","dtinc","m",2016-02-14,4,"base",24.7744903846154,21.6843352245856
"360","t02","dtinc","m",2016-02-15,4,"base",25.3717692307692,6.72617304788245
"361","t02","dtinc","m",2016-02-16,4,"base",25.4245865384615,12.4407852781338
"362","t02","dtinc","m",2016-02-17,4,"w_op_sex",25.0638461538462,14.0710054192333
"363","t02","dtinc","m",2016-02-18,4,"base",24.328625,14.0874342924719
"364","t02","dtinc","m",2016-02-19,4,"base",24.68425,21.0807974369657
"365","t02","dtinc","m",2016-02-20,4,"base",24.7587980769231,13.1000637050539
"366","t03","dtinc","m",2016-01-28,5,"w_op_sex",24.7785576923077,8.00963750735273
"367","t03","dtinc","m",2016-01-29,4,"w_op_sex",23.7040096153846,8.54732945019353
"368","t03","dtinc","m",2016-01-30,4,"base",23.2501538461538,19.0009406798831
"369","t03","dtinc","m",2016-01-31,4,"w_op_sex",23.4131442307692,14.4526161032747
"370","t03","dtinc","m",2016-02-01,4,"base",24.0618173076923,12.4069617045519
"371","t03","dtinc","m",2016-02-02,4,"base",23.4199903846154,9.89541533949661
"372","t03","dtinc","m",2016-02-03,4,"base",24.3962788461538,4.03951438107403
"373","t03","dtinc","m",2016-02-04,4,"pool_move",24.9756346153846,35.8942797709213
"374","t03","dtinc","m",2016-02-05,4,"base",25.2383942307692,14.8060159838369
"375","t03","dtinc","m",2016-02-06,4,"base",24.3399807692308,13.1797802556097
"376","t03","dtinc","m",2016-02-07,4,"w_op_sex",24.4609711538462,13.3912492733972
"377","t03","dtinc","m",2016-02-08,5,"w_op_sex",25.0664230769231,21.8615841790511
"378","t03","dtinc","m",2016-02-14,4,"w_op_sex",24.7744903846154,5.0667379971474
"379","t03","dtinc","m",2016-02-15,4,"base",25.3717692307692,12.1830938977472
"380","t03","dtinc","m",2016-02-16,4,"base",25.4245865384615,20.8417019105651
"381","t03","dtinc","m",2016-02-17,4,"base",25.0638461538462,10.2269860131285
"382","t03","dtinc","m",2016-02-18,4,"base",24.328625,18.4017375350746
"383","t03","dtinc","m",2016-02-19,5,"w_op_sex",24.68425,38.5118516038498
"384","t03","dtinc","m",2016-02-20,4,"base",24.7587980769231,13.3647347978499
"385","t03","dtinc","m",2016-02-21,4,"base",24.9842211538462,16.119762515805
"386","t03","dtinc","m",2016-02-22,4,"w_op_sex",25.0248557692308,21.5825863189983
"387","t03","dtinc","m",2016-02-23,4,"base",24.8435288461538,11.259064197255
"388","t03","dtinc","m",2016-02-24,4,"base",25.2316153846154,11.7663164914239
"389","t03","dtinc","m",2016-02-25,3,"base",24.8935096153846,32.6003358006634
"390","t04","dtinc","f",2016-01-28,5,"base",24.7785576923077,10.6089850008413
"391","t04","dtinc","f",2016-01-29,4,"w_op_sex",23.7040096153846,14.9432698545695
"392","t04","dtinc","f",2016-01-30,4,"base",23.2501538461538,11.824034087116
"393","t04","dtinc","f",2016-01-31,4,"w_op_sex",23.4131442307692,11.0668957908448
"394","t04","dtinc","f",2016-02-01,4,"w_op_sex",24.0618173076923,17.9217426618039
"395","t04","dtinc","f",2016-02-02,3,"base",23.4199903846154,3.20549456763422
"396","t04","dtinc","f",2016-02-03,4,"base",24.3962788461538,9.36273574667298
"397","t04","dtinc","f",2016-02-04,4,"w_op_sex",24.9756346153846,25.8627171851725
"398","t04","dtinc","f",2016-02-05,4,"base",25.2383942307692,7.38788825273951
"399","t04","dtinc","f",2016-02-06,4,"base",24.3399807692308,16.5779036254404
"400","t04","dtinc","f",2016-02-07,4,"w_op_sex",24.4609711538462,8.82627362741829
"401","t04","dtinc","f",2016-02-08,5,"w_op_sex",25.0664230769231,31.6309233865415
"402","t04","dtinc","f",2016-02-09,4,"w_op_sex",25.9222980769231,14.6017004101538
"403","t05","dtinc","f",2016-01-29,4,"base",23.7040096153846,21.0153526485955
"404","t05","dtinc","f",2016-01-30,4,"base",23.2501538461538,34.1096717237744
"405","t05","dtinc","f",2016-01-31,4,"base",23.4131442307692,33.4838162505121
"406","t05","dtinc","f",2016-02-01,4,"base",24.0618173076923,16.4126326540218
"407","t05","dtinc","f",2016-02-02,3,"base",23.4199903846154,7.18877629462417
"408","t05","dtinc","f",2016-02-03,4,"base",24.3962788461538,10.0465192449126
"409","t05","dtinc","f",2016-02-04,4,"base",24.9756346153846,15.2674412805888
"410","t05","dtinc","f",2016-02-05,4,"base",25.2383942307692,23.3985837200732
"411","t05","dtinc","f",2016-02-06,4,"base",24.3399807692308,31.0137852277703
"412","t05","dtinc","f",2016-02-07,4,"base",24.4609711538462,23.5635558275303
"413","t05","dtinc","f",2016-02-08,4,"base",25.0664230769231,44.4161403541545
"414","t05","dtinc","f",2016-02-09,4,"base",25.9222980769231,49.9280842544884
"415","t06","dtinc","f",2016-01-30,4,"base",23.2501538461538,7.45724751363556
"416","t06","dtinc","f",2016-01-31,4,"base",23.4131442307692,24.1602541652366
"417","t06","dtinc","f",2016-02-01,5,"base",24.0618173076923,65.715337574427
"418","t06","dtinc","f",2016-02-02,4,"base",23.4199903846154,33.4376523900218
"419","t06","dtinc","f",2016-02-03,4,"base",24.3962788461538,133.87051369726
"420","t06","dtinc","f",2016-02-04,4,"base",24.9756346153846,22.0755656875435
"421","t06","dtinc","f",2016-02-05,4,"base",25.2383942307692,21.5574542311098
"422","t07","dtinc","m",2016-01-31,4,"base",23.4131442307692,8.46821658990166
"423","t07","dtinc","m",2016-02-01,4,"base",24.0618173076923,27.2338201934946
"424","t07","dtinc","m",2016-02-02,4,"base",23.4199903846154,24.7325201782131
"425","t07","dtinc","m",2016-02-03,4,"base",24.3962788461538,8.5868439709312
"426","t07","dtinc","m",2016-02-04,4,"base",24.9756346153846,10.9050547443051
"427","t07","dtinc","m",2016-02-05,4,"base",25.2383942307692,7.53224269361689
"428","t07","dtinc","m",2016-02-06,3,"pool_move",24.3399807692308,49.5319842744524
"429","t07","dtinc","m",2016-02-07,4,"w_op_sex",24.4609711538462,13.5952897183656
"430","t07","dtinc","m",2016-02-08,4,"base",25.0664230769231,29.4931617369393
"431","t07","dtinc","m",2016-02-09,5,"w_op_sex",25.9222980769231,39.6426661671239
"432","t07","dtinc","m",2016-02-10,4,"base",25.2610096153846,19.3071239309447
"433","t07","dtinc","m",2016-02-11,4,"base",25.1670769230769,23.8258899955081
"434","t07","dtinc","m",2016-02-12,4,"base",24.767375,9.42140713049614
"435","t07","dtinc","m",2016-02-13,4,"base",23.9994615384615,14.5387541286279
"436","t07","dtinc","m",2016-02-14,4,"base",24.7744903846154,18.9980871299762
"437","t07","dtinc","m",2016-02-15,4,"base",25.3717692307692,34.848468727965
"438","t07","dtinc","m",2016-02-16,4,"base",25.4245865384615,11.5620438268255
"439","t07","dtinc","m",2016-02-17,6,"pool_move",25.0638461538462,62.9054779979699
"440","t07","dtinc","m",2016-02-18,5,"w_op_sex",24.328625,21.0186751213608
"441","t07","dtinc","m",2016-02-19,4,"base",24.68425,18.9519408414105
"442","t07","dtinc","m",2016-02-20,4,"base",24.7587980769231,9.4686163779763
"443","t07","dtinc","m",2016-02-21,3,"base",24.9842211538462,30.1107683926511
"444","t08","dtinc","m",2016-02-04,4,"base",24.9756346153846,79.3392295863344
"445","t08","dtinc","m",2016-02-05,4,"base",25.2383942307692,37.1372711090867
"446","t08","dtinc","m",2016-02-06,6,"pool_move",24.3399807692308,233.807050338368
"447","t08","dtinc","m",2016-02-07,7,"pool_move",24.4609711538462,88.6835228658769
"448","t08","dtinc","m",2016-02-15,4,"w_op_sex",25.3717692307692,75.393675870665
"449","t08","dtinc","m",2016-02-16,4,"base",25.4245865384615,103.032232225387
"450","t08","dtinc","m",2016-02-17,4,"base",25.0638461538462,20.8376111413702
"451","t08","dtinc","m",2016-03-10,4,"base",25.0680576923077,26.8430180764652
"452","t08","dtinc","m",2016-03-11,4,"base",24.29125,28.7427718237576
"453","t08","dtinc","m",2016-03-12,4,"base",24.5012884615385,44.6156667096799
"454","t09","dtinc","m",2016-01-31,4,"base",23.4131442307692,26.0591789347553
"455","t09","dtinc","m",2016-02-01,4,"base",24.0618173076923,22.2819715606881
"456","t09","dtinc","m",2016-02-02,4,"base",23.4199903846154,15.1974403185672
"457","t09","dtinc","m",2016-02-03,4,"base",24.3962788461538,20.0937204112955
"458","t09","dtinc","m",2016-02-04,4,"base",24.9756346153846,18.6758070550024
"459","t10","dtinc","f",2016-01-31,4,"w_op_sex",23.4131442307692,17.0654431202719
"460","t10","dtinc","f",2016-02-01,4,"w_op_sex",24.0618173076923,28.7672263045743
"461","t10","dtinc","f",2016-02-02,4,"base",23.4199903846154,2.96171545809867
"462","t10","dtinc","f",2016-02-03,4,"w_op_sex",24.3962788461538,34.3655627496964
"463","t10","dtinc","f",2016-02-04,3,"w_op_sex",24.9756346153846,9.64289452555969
"464","t10","dtinc","f",2016-02-05,4,"w_op_sex",25.2383942307692,27.3141831788344
"465","t10","dtinc","f",2016-02-06,4,"base",24.3399807692308,62.5674873825049
"466","t10","dtinc","f",2016-02-07,4,"base",24.4609711538462,39.2616143189612
"467","t10","dtinc","f",2016-02-08,5,"w_op_sex",25.0664230769231,22.6511912831399
"468","t10","dtinc","f",2016-02-09,5,"w_op_sex",25.9222980769231,19.8064278359172
"469","t10","dtinc","f",2016-02-17,3,"w_op_sex",25.0638461538462,19.2927005831139
"470","t10","dtinc","f",2016-02-18,4,"base",24.328625,45.5385483583411
"471","t10","dtinc","f",2016-02-19,4,"base",24.68425,45.1181900302506
"472","t11","dtinc","m",2016-02-01,4,"base",24.0618173076923,19.4519482155993
"473","t11","dtinc","m",2016-02-02,4,"base",23.4199903846154,6.99793371189635
"474","t11","dtinc","m",2016-02-03,4,"base",24.3962788461538,11.1003925690581
"475","t11","dtinc","m",2016-02-04,4,"base",24.9756346153846,9.09013663038114
"476","t12","dtinc","f",2016-02-04,4,"base",24.9756346153846,25.3124294268418
"477","t12","dtinc","f",2016-02-05,4,"base",25.2383942307692,28.2888441260675
"478","t12","dtinc","f",2016-02-06,4,"base",24.3399807692308,35.3071944303814
"479","t12","dtinc","f",2016-02-07,4,"w_op_sex",24.4609711538462,14.3695755963938
"480","t12","dtinc","f",2016-02-08,4,"w_op_sex",25.0664230769231,2.58002717751527
"481","t12","dtinc","f",2016-02-09,4,"base",25.9222980769231,17.2872668510074
"482","t12","dtinc","f",2016-02-10,4,"base",25.2610096153846,24.6746036126758
"483","t12","dtinc","f",2016-02-11,4,"base",25.1670769230769,14.608267303946
"484","t12","dtinc","f",2016-02-12,4,"base",24.767375,32.8914678480652
"485","t12","dtinc","f",2016-02-13,3,"base",23.9994615384615,18.7248392362659
"486","t12","dtinc","f",2016-02-14,4,"base",24.7744903846154,29.6594148937568
"487","t13","dtinc","m",2016-02-04,4,"base",24.9756346153846,30.5056112465976
"488","t13","dtinc","m",2016-02-05,4,"base",25.2383942307692,30.2172764647101
"489","t13","dtinc","m",2016-02-06,5,"base",24.3399807692308,56.8254901530641
"490","t13","dtinc","m",2016-02-07,4,"base",24.4609711538462,31.5815787712526
"491","t13","dtinc","m",2016-02-08,4,"base",25.0664230769231,28.1007106631623
"492","t13","dtinc","m",2016-02-09,4,"pool_move",25.9222980769231,77.9898929292404
"493","t13","dtinc","m",2016-02-10,4,"base",25.2610096153846,10.8477464817816
"494","t13","dtinc","m",2016-02-11,4,"base",25.1670769230769,48.5287701774655
"495","t13","dtinc","m",2016-02-12,4,"base",24.767375,32.017335977476
"496","t13","dtinc","m",2016-02-13,4,"w_op_sex",23.9994615384615,17.0972259538598
"497","t13","dtinc","m",2016-02-14,4,"base",24.7744903846154,15.234022653619
"498","t13","dtinc","m",2016-02-15,4,"base",25.3717692307692,13.1709553317872
"499","t13","dtinc","m",2016-02-16,3,"base",25.4245865384615,8.35593385578462
"500","t13","dtinc","m",2016-02-17,4,"base",25.0638461538462,14.9352217681257
"501","t13","dtinc","m",2016-02-18,4,"base",24.328625,24.7951397742293
"502","t14","dtinc","m",2016-02-08,4,"w_op_sex",25.0664230769231,35.3228321163471
"503","t14","dtinc","m",2016-02-09,5,"pool_move",25.9222980769231,124.113769800724
"504","t15","dtinc","f",2016-02-10,4,"base",25.2610096153846,18.258393427019
"505","t15","dtinc","f",2016-02-11,4,"base",25.1670769230769,4.04234271777408
"506","t15","dtinc","f",2016-02-12,4,"base",24.767375,6.30215709304482
"507","t15","dtinc","f",2016-02-13,4,"base",23.9994615384615,23.7356542133958
"508","t15","dtinc","f",2016-02-14,4,"base",24.7744903846154,16.8873821342302
"509","t15","dtinc","f",2016-02-15,3,"base",25.3717692307692,13.7554177708861
"510","t15","dtinc","f",2016-02-16,4,"base",25.4245865384615,6.16713347501462
"511","t15","dtinc","f",2016-02-17,4,"base",25.0638461538462,6.90438448612617
"512","t15","dtinc","f",2016-02-18,4,"base",24.328625,24.3803319176929
"513","t15","dtinc","f",2016-02-19,5,"w_op_sex",24.68425,34.3451650131837
"514","t15","dtinc","f",2016-02-20,4,"w_op_sex",24.7587980769231,23.9041945518475
"515","t15","dtinc","f",2016-02-21,4,"w_op_sex",24.9842211538462,14.3539602605062
"516","t15","dtinc","f",2016-02-22,4,"base",25.0248557692308,12.0104305519315
"517","t15","dtinc","f",2016-02-23,4,"base",24.8435288461538,19.0443599766519
"518","t15","dtinc","f",2016-02-24,4,"w_op_sex",25.2316153846154,7.85843907067376
"519","t15","dtinc","f",2016-02-25,4,"base",24.8935096153846,8.71779715649646
"520","t16","dtinc","m",2016-02-10,4,"base",25.2610096153846,20.0034334137042
"521","t16","dtinc","m",2016-02-11,4,"w_op_sex",25.1670769230769,18.1637543106698
"522","t16","dtinc","m",2016-02-12,4,"base",24.767375,0.557649122256145
"523","t16","dtinc","m",2016-02-13,3,"base",23.9994615384615,7.43732062014916
"524","t16","dtinc","m",2016-02-14,4,"base",24.7744903846154,13.5311969063297
"525","t16","dtinc","m",2016-02-15,4,"base",25.3717692307692,19.2309004896887
"526","t16","dtinc","m",2016-02-16,4,"base",25.4245865384615,13.9807230037378
"527","t16","dtinc","m",2016-03-05,4,"base",24.9209519230769,8.43561751528146
"528","t16","dtinc","m",2016-03-06,4,"base",25.4404807692308,18.797213458716
"529","t16","dtinc","m",2016-03-07,4,"base",25.9204519230769,1.80332963782797
"530","t16","dtinc","m",2016-03-08,4,"w_op_sex",26.3235769230769,13.9864990245455
"531","t16","dtinc","m",2016-03-09,4,"base",25.1049903846154,23.1632127064292
"532","t17","dtinc","m",2016-02-11,4,"base",25.1670769230769,9.35569905406624
"533","t17","dtinc","m",2016-02-12,4,"base",24.767375,7.4266978131882
"534","t17","dtinc","m",2016-02-13,3,"base",23.9994615384615,10.4320469221702
"535","t18","dtinc","f",2016-02-13,4,"base",23.9994615384615,44.8969791815635
"536","t18","dtinc","f",2016-02-14,4,"base",24.7744903846154,57.1693126553514
"537","t18","dtinc","f",2016-02-15,4,"base",25.3717692307692,12.945694267341
"538","t18","dtinc","f",2016-02-16,4,"base",25.4245865384615,46.0214674367458
"539","t18","dtinc","f",2016-02-17,4,"base",25.0638461538462,31.9533818612208
"540","t18","dtinc","f",2016-02-18,4,"w_op_sex",24.328625,35.6507395973789
"541","t18","dtinc","f",2016-02-19,4,"w_op_sex",24.68425,35.9594845327188
"542","t18","dtinc","f",2016-02-20,3,"base",24.7587980769231,17.4863179353234
"543","t18","dtinc","f",2016-03-04,3,"base",25.2219230769231,20.5147866768656
"544","t18","dtinc","f",2016-03-05,4,"base",24.9209519230769,0.78173377992585
"545","t18","dtinc","f",2016-03-06,4,"base",25.4404807692308,13.5892905031697
"546","t18","dtinc","f",2016-03-07,4,"base",25.9204519230769,20.2948413505971
"547","t18","dtinc","f",2016-03-08,4,"w_op_sex",26.3235769230769,22.4124811934644
"548","t18","dtinc","f",2016-03-09,4,"w_op_sex",25.1049903846154,28.895813769691
"549","t21","dtinc","f",2016-02-14,4,"base",24.7744903846154,18.7273669689107
"550","t21","dtinc","f",2016-02-15,4,"base",25.3717692307692,13.8905945758359
"551","t21","dtinc","f",2016-02-16,4,"base",25.4245865384615,12.3567222631077
"552","t21","dtinc","f",2016-02-17,4,"base",25.0638461538462,8.48095987960929
"553","t21","dtinc","f",2016-02-18,4,"base",24.328625,8.89116365317457
"554","t21","dtinc","f",2016-02-19,4,"base",24.68425,7.30054684661831
"555","t24","dtinc","m",2016-02-18,4,"base",24.328625,7.47336048791062
"556","t24","dtinc","m",2016-02-19,5,"base",24.68425,6.36033483095293
"557","t24","dtinc","m",2016-02-20,4,"base",24.7587980769231,7.42735283391742
"558","t25","dtinc","m",2016-02-20,4,"base",24.7587980769231,10.1749441468638
"559","t25","dtinc","m",2016-02-21,3,"base",24.9842211538462,21.6923924894333
"560","t26","dtinc","m",2016-02-22,3,"base",25.0248557692308,20.4089912732366
"561","t26","dtinc","m",2016-02-23,4,"base",24.8435288461538,18.5015402636876
"562","t26","dtinc","m",2016-02-24,4,"base",25.2316153846154,25.838419722173
"563","t26","dtinc","m",2016-02-25,4,"w_op_sex",24.8935096153846,2.73534589730659
"564","t26","dtinc","m",2016-03-04,4,"base",25.2219230769231,29.4045503103995
"565","t26","dtinc","m",2016-03-05,5,"w_op_sex",24.9209519230769,30.1414137970895
"566","t26","dtinc","m",2016-03-06,4,"base",25.4404807692308,21.3784137785204
"567","t26","dtinc","m",2016-03-07,4,"base",25.9204519230769,9.38027923708169
"568","t26","dtinc","m",2016-03-08,4,"base",26.3235769230769,8.5961006008784
"569","t26","dtinc","m",2016-03-09,4,"base",25.1049903846154,20.7182417626388
"570","t26","dtinc","m",2016-03-10,4,"base",25.0680576923077,27.4162932603064
"571","t26","dtinc","m",2016-03-11,4,"base",24.29125,4.27508852009475
"572","t26","dtinc","m",2016-03-12,4,"base",24.5012884615385,34.0829370396677
"573","t28","dtinc","f",2016-03-06,4,"base",25.4404807692308,21.9286861205515
"574","t28","dtinc","f",2016-03-07,3,"w_op_sex",25.9204519230769,45.9409971272781
"575","t28","dtinc","f",2016-03-08,4,"base",26.3235769230769,21.8552128189261
"576","t28","dtinc","f",2016-03-09,4,"w_op_sex",25.1049903846154,22.635638890703
"577","t28","dtinc","f",2016-03-10,4,"w_op_sex",25.0680576923077,42.1236601296639
"578","t28","dtinc","f",2016-03-11,4,"w_op_sex",24.29125,26.9579431753877
"579","t28","dtinc","f",2016-03-12,4,"base",24.5012884615385,14.1010948468252
"580","t28","dtinc","f",2016-03-13,4,"base",24.7331826923077,14.0215486144627
"581","t28","dtinc","f",2016-03-14,4,"base",25.6474038461538,17.0959215149002
"582","t28","dtinc","f",2016-03-15,4,"base",25.7211153846154,24.6242172188019
"583","t28","dtinc","f",2016-03-16,4,"w_op_sex",25.9301057692308,27.9344778062569
"584","t29","dtinc","m",2016-03-06,4,"base",25.4404807692308,19.087844996478
"585","t29","dtinc","m",2016-03-07,4,"base",25.9204519230769,10.6671457729616
"586","t29","dtinc","m",2016-03-08,4,"base",26.3235769230769,43.5962188674835
"587","t29","dtinc","m",2016-03-09,4,"base",25.1049903846154,9.86269755278018
"588","t29","dtinc","m",2016-03-10,4,"w_op_sex",25.0680576923077,49.7002286439778
"589","t29","dtinc","m",2016-03-11,4,"base",24.29125,51.7662093799368
"590","t29","dtinc","m",2016-03-12,4,"base",24.5012884615385,10.9578298302552
"591","t29","dtinc","m",2016-03-13,4,"base",24.7331826923077,29.6881272741383
"592","t29","dtinc","m",2016-03-14,4,"w_op_sex",25.6474038461538,28.1400201529788
"593","t29","dtinc","m",2016-03-15,4,"base",25.7211153846154,36.5210242303539
"594","t29","dtinc","m",2016-03-16,4,"base",25.9301057692308,17.6638291350054
"595","t30","dtinc","m",2016-03-06,4,"base",25.4404807692308,15.6275056505365
"596","t30","dtinc","m",2016-03-07,4,"w_op_sex",25.9204519230769,9.49554551799034
"597","t30","dtinc","m",2016-03-08,4,"w_op_sex",26.3235769230769,7.0840824302466
"598","t30","dtinc","m",2016-03-09,4,"base",25.1049903846154,3.59253322747684
"599","t30","dtinc","m",2016-03-10,4,"w_op_sex",25.0680576923077,27.7875236465196
"600","t30","dtinc","m",2016-03-11,4,"pool_move",24.29125,96.5212897488025
"601","t30","dtinc","m",2016-03-12,6,"pool_move",24.5012884615385,96.2828612179461
"602","t30","dtinc","m",2016-03-13,5,"pool_move",24.7331826923077,51.7124876498263
"603","t30","dtinc","m",2016-03-14,4,"base",25.6474038461538,27.7259489900815
"604","t30","dtinc","m",2016-03-15,4,"base",25.7211153846154,3.33245735126556
"605","t30","dtinc","m",2016-03-16,5,"pool_move",25.9301057692308,81.1907941116833
"606","t30","dtinc","m",2016-03-17,4,"base",25.7380096153846,21.2072895700062
"607","t32","dtinc","f",2016-03-09,4,"base",25.1049903846154,10.012622587907
"608","t32","dtinc","f",2016-03-10,4,"w_op_sex",25.0680576923077,15.5678428177748
"609","t32","dtinc","f",2016-03-11,4,"base",24.29125,26.3277109936734
"610","t32","dtinc","f",2016-03-12,4,"base",24.5012884615385,16.4019563408467
"611","t32","dtinc","f",2016-03-13,4,"w_op_sex",24.7331826923077,23.3579099097805
"612","t32","dtinc","f",2016-03-14,4,"base",25.6474038461538,7.75391052437034
"613","t32","dtinc","f",2016-03-15,4,"w_op_sex",25.7211153846154,23.9955545428759
"614","t32","dtinc","f",2016-03-17,4,"base",25.7380096153846,22.815982080366
"615","t32","dtinc","f",2016-03-18,4,"w_op_sex",25.5632019230769,16.8695094539975
"616","10m","osylv","m",2017-04-26,5,"base",24.44,10.6124151273793
"617","10m","osylv","m",2017-04-27,5,"base",23.05,8.66346661417102
"618","10m","osylv","m",2017-04-28,5,"base",24.325,11.2297370772386
"619","10m","osylv","m",2017-04-29,3,"base",23.925,5.27397929336546
"620","10m","osylv","m",2017-04-30,4,"base",23.6666666666667,11.710437058023
"621","10m","osylv","m",2017-05-01,4,"base",25.475,6.05027852354496
"622","10m","osylv","m",2017-05-02,4,"base",23.025,10.0970998070085
"623","10m","osylv","m",2017-05-03,5,"base",25.26,11.8578344867919
"624","12f","osylv","f",2017-04-27,3,"base",23.05,5.6266205643646
"625","12f","osylv","f",2017-04-28,5,"pool_move",24.325,18.0286640572318
"626","12f","osylv","f",2017-04-29,4,"base",23.925,4.24924225019529
"627","12f","osylv","f",2017-04-30,4,"base",23.6666666666667,6.45817830023617
"628","12f","osylv","f",2017-05-01,4,"base",25.475,5.70692178999625
"629","12f","osylv","f",2017-05-02,4,"pool_move",23.025,6.28650941722242
"630","12f","osylv","f",2017-05-03,5,"pool_move",25.26,7.29394688312707
"631","12f","osylv","f",2017-05-04,5,"pool_move",24.2,8.52864463262731
"632","12f","osylv","f",2017-05-05,5,"base",21.575,9.20939827828843
"633","12f","osylv","f",2017-05-06,4,"pool_move",23.425,10.3786979481459
"634","12f","osylv","f",2017-05-07,4,"base",24.975,6.51553874977413
"635","12f","osylv","f",2017-05-08,4,"base",23.875,2.40804830208087
"636","12f","osylv","f",2017-05-09,4,"pool_move",25.25,4.95278525270241
"637","12f","osylv","f",2017-05-10,3,"base",22.4,4.73863063072613
"638","12f","osylv","f",2017-05-11,4,"base",25.1,5.9367743218966
"639","12f","osylv","f",2017-05-12,4,"base",24.975,6.89192736490189
"640","12f","osylv","f",2017-05-13,4,"base",25.975,2.22132034345147
"641","12f","osylv","f",2017-05-14,4,"pool_move",24.08,8.7869790252794
"642","12f","osylv","f",2017-05-15,4,"base",23.96,3.32414588415367
"643","13m","osylv","m",2017-04-27,5,"pool_move",23.05,11.2340643335081
"644","13m","osylv","m",2017-04-28,5,"pool_move",24.325,10.5091593471384
"645","13m","osylv","m",2017-04-29,4,"base",23.925,9.47459055540244
"646","13m","osylv","m",2017-04-30,4,"base",23.6666666666667,8.98492592228889
"647","13m","osylv","m",2017-05-01,4,"pool_move",25.475,10.34621520942
"648","13m","osylv","m",2017-05-02,4,"base",23.025,8.71786722368434
"649","13m","osylv","m",2017-05-03,5,"base",25.26,8.83972369252323
"650","13m","osylv","m",2017-05-04,5,"base",24.2,10.1428542105131
"651","13m","osylv","m",2017-05-05,5,"base",21.575,13.1496573624562
"652","13m","osylv","m",2017-05-06,4,"base",23.425,5.11980829000299
"653","14f","osylv","f",2017-04-28,5,"w_op_sex",24.325,9.68949002821156
"654","14f","osylv","f",2017-04-29,4,"w_op_sex",23.925,9.36364184931844
"655","14f","osylv","f",2017-04-30,4,"pool_move",23.6666666666667,11.7554031054303
"656","14f","osylv","f",2017-05-01,4,"base",25.475,8.25802503027046
"657","14f","osylv","f",2017-05-02,4,"w_op_sex",23.025,6.89508816726499
"658","15m","osylv","m",2017-05-03,5,"base",25.26,6.41581204005811
"659","15m","osylv","m",2017-05-04,5,"base",24.2,2.30732621144919
"660","15m","osylv","m",2017-05-05,5,"base",21.575,1.67173014120667
"661","15m","osylv","m",2017-05-06,4,"base",23.425,0.799999999951979
"662","15m","osylv","m",2017-05-07,4,"base",24.975,1.08994949379546
"663","15m","osylv","m",2017-05-08,4,"base",23.875,0.799999999973807
"664","15m","osylv","m",2017-05-09,4,"base",25.25,4.20017361704458
"665","15m","osylv","m",2017-05-10,4,"base",22.4,4.85249221049806
"666","16f","osylv","f",2017-05-03,5,"base",25.26,5.03468773653024
"667","16f","osylv","f",2017-05-04,5,"base",24.2,4.40867668577553
"668","16f","osylv","f",2017-05-05,5,"base",21.575,1.86800124970082
"669","16f","osylv","f",2017-05-06,4,"w_op_sex",23.425,3.64379012809785
"670","16f","osylv","f",2017-05-07,4,"base",24.975,4.43756538813541
"671","16f","osylv","f",2017-05-08,4,"pool_move",23.875,7.79009932959425
"672","16f","osylv","f",2017-05-09,4,"base",25.25,5.61473121933411
"673","16f","osylv","f",2017-05-10,4,"base",22.4,5.45996295233933
"674","16f","osylv","f",2017-05-11,4,"base",25.1,4.22068445349905
"675","16f","osylv","f",2017-05-12,4,"w_op_sex",24.975,6.49960791636173
"676","16f","osylv","f",2017-05-13,4,"base",25.975,4.33880010709183
"677","16f","osylv","f",2017-05-14,4,"pool_move",24.08,20.6727511198899
"678","16f","osylv","f",2017-05-15,4,"pool_move",23.96,1.35995769362095
"679","17f","osylv","f",2017-05-03,4,"base",25.26,2.59995617759964
"680","17f","osylv","f",2017-05-04,5,"pool_move",24.2,12.1466315999007
"681","17f","osylv","f",2017-05-05,5,"w_op_sex",21.575,4.87662323698055
"682","17f","osylv","f",2017-05-06,4,"w_op_sex",23.425,2.88421105622934
"683","17f","osylv","f",2017-05-07,4,"pool_move",24.975,23.9896250330271
"684","17f","osylv","f",2017-05-08,4,"base",23.875,3.24047504415066
"685","17f","osylv","f",2017-05-09,4,"base",25.25,1.80000000000095
"686","18f","osylv","f",2017-05-04,5,"base",24.2,7.16026969282486
"687","18f","osylv","f",2017-05-05,5,"base",21.575,4.7263661423863
"688","18f","osylv","f",2017-05-06,4,"pool_move",23.425,6.92424353052832
"689","18f","osylv","f",2017-05-07,4,"base",24.975,5.87684733926586
"690","18f","osylv","f",2017-05-08,4,"pool_move",23.875,8.05101932531124
"691","18f","osylv","f",2017-05-09,4,"base",25.25,3.82414636240897
"692","18f","osylv","f",2017-05-10,4,"w_op_sex",22.4,7.24154299707062
"693","18f","osylv","f",2017-05-11,4,"base",25.1,3.90036132261489
"694","18f","osylv","f",2017-05-12,4,"pool_move",24.975,9.49639570019163
"695","19f","osylv","f",2017-05-04,5,"base",24.2,3.02378269449164
"696","19f","osylv","f",2017-05-05,5,"pool_move",21.575,17.3635485979363
"697","19f","osylv","f",2017-05-06,4,"base",23.425,10.0948097121509
"698","19f","osylv","f",2017-05-07,4,"w_op_sex",24.975,7.65841884358387
"699","19f","osylv","f",2017-05-08,4,"pool_move",23.875,5.60574279312789
"700","19f","osylv","f",2017-05-09,4,"base",25.25,0.565028153906956
"701","19f","osylv","f",2017-05-10,4,"w_op_sex",22.4,1.44991393429213
"702","19f","osylv","f",2017-05-11,4,"base",25.1,1.95376643663183
"703","19f","osylv","f",2017-05-12,4,"w_op_sex",24.975,2.3735936649484
"704","19f","osylv","f",2017-05-13,4,"w_op_sex",25.975,24.483916928279
"705","1f","osylv","f",2017-04-24,4,"pool_move",22.65,6.44795013088406
"706","1f","osylv","f",2017-04-25,4,"w_op_sex",26.9333333333333,8.87435353400925
"707","1f","osylv","f",2017-04-26,5,"base",24.44,16.8011182540353
"708","1f","osylv","f",2017-04-27,5,"base",23.05,3.53942045083138
"709","1f","osylv","f",2017-04-28,5,"pool_move",24.325,1.02558328157077
"710","1f","osylv","f",2017-04-29,4,"pool_move",23.925,2.08236496492877
"711","1f","osylv","f",2017-05-01,5,"w_op_sex",25.475,1.18770543024206
"712","20m","osylv","m",2017-05-05,5,"base",21.575,6.19915301919012
"713","20m","osylv","m",2017-05-06,4,"base",23.425,9.41657640293499
"714","20m","osylv","m",2017-05-07,4,"base",24.975,3.91542397283743
"715","20m","osylv","m",2017-05-08,4,"base",23.875,7.42658460610452
"716","20m","osylv","m",2017-05-09,4,"base",25.25,5.59125756534466
"717","20m","osylv","m",2017-05-10,4,"base",22.4,4.93283864856763
"718","20m","osylv","m",2017-05-11,4,"base",25.1,4.50877331820833
"719","20m","osylv","m",2017-05-14,5,"base",24.08,16.0763134070071
"720","20m","osylv","m",2017-05-15,5,"base",23.96,5.07241981484428
"721","21m","osylv","m",2017-05-05,4,"w_op_sex",21.575,2.55513092723204
"722","21m","osylv","m",2017-05-06,4,"base",23.425,8.43476944612699
"723","21m","osylv","m",2017-05-07,4,"base",24.975,3.5638778640157
"724","21m","osylv","m",2017-05-08,4,"base",23.875,3.4088555338918
"725","21m","osylv","m",2017-05-09,4,"base",25.25,6.8992197691394
"726","21m","osylv","m",2017-05-10,4,"base",22.4,5.5895665624325
"727","21m","osylv","m",2017-05-11,4,"base",25.1,4.91938424492774
"728","21m","osylv","m",2017-05-12,4,"base",24.975,6.48247768860082
"729","21m","osylv","m",2017-05-13,4,"base",25.975,2.80414937044789
"730","22m","osylv","m",2017-05-05,5,"w_op_sex",21.575,7.8263919582892
"731","22m","osylv","m",2017-05-06,4,"base",23.425,4.88839280786748
"732","22m","osylv","m",2017-05-07,4,"base",24.975,2.65304234760941
"733","22m","osylv","m",2017-05-08,4,"base",23.875,5.6872642246318
"734","22m","osylv","m",2017-05-09,4,"base",25.25,3.41544968509897
"735","22m","osylv","m",2017-05-10,4,"base",22.4,4.12126704039136
"736","22m","osylv","m",2017-05-11,4,"base",25.1,1.2221324381274
"737","22m","osylv","m",2017-05-12,4,"base",24.975,6.65451911993823
"738","22m","osylv","m",2017-05-13,4,"base",25.975,2.61748975504591
"739","22m","osylv","m",2017-05-14,4,"base",24.08,5.0497943089299
"740","22m","osylv","m",2017-05-15,4,"base",23.96,5.50010001697158
"741","23f","osylv","f",2017-05-05,5,"base",21.575,6.15140658699982
"742","23f","osylv","f",2017-05-07,4,"base",24.975,10.5738047845738
"743","23f","osylv","f",2017-05-08,4,"base",23.875,2.62533316468403
"744","23f","osylv","f",2017-05-09,4,"base",25.25,4.12685748374363
"745","23f","osylv","f",2017-05-10,4,"pool_move",22.4,14.0313218403454
"746","23f","osylv","f",2017-05-11,4,"base",25.1,3.49061122662536
"747","24f","osylv","f",2017-05-05,5,"base",21.575,3.87968462468101
"748","24f","osylv","f",2017-05-06,4,"pool_move",23.425,9.35203091053447
"749","24f","osylv","f",2017-05-07,4,"w_op_sex",24.975,7.88303126956258
"750","24f","osylv","f",2017-05-08,4,"base",23.875,0.924516545681807
"751","24f","osylv","f",2017-05-09,4,"pool_move",25.25,9.13288493897814
"752","24f","osylv","f",2017-05-10,4,"pool_move",22.4,3.71063982836439
"753","24f","osylv","f",2017-05-11,4,"pool_move",25.1,7.82970585415574
"754","24f","osylv","f",2017-05-12,4,"base",24.975,14.2930750186995
"755","24f","osylv","f",2017-05-13,4,"base",25.975,8.45394992968498
"756","24f","osylv","f",2017-05-14,4,"pool_move",24.08,9.48665534668554
"757","24f","osylv","f",2017-05-15,4,"base",23.96,9.80316851543634
"758","25m","osylv","m",2017-05-06,4,"base",23.425,5.62600882970934
"759","25m","osylv","m",2017-05-07,4,"base",24.975,5.42304774520756
"760","25m","osylv","m",2017-05-08,4,"base",23.875,6.21936636598482
"761","25m","osylv","m",2017-05-09,4,"base",25.25,1.64164078644209
"762","25m","osylv","m",2017-05-10,4,"base",22.4,4.79900453703537
"763","25m","osylv","m",2017-05-11,4,"base",25.1,7.29713299187209
"764","25m","osylv","m",2017-05-12,4,"base",24.975,8.32404623746012
"765","25m","osylv","m",2017-05-13,4,"base",25.975,3.75556724949504
"766","25m","osylv","m",2017-05-14,4,"base",24.08,1.22846951537916
"767","25m","osylv","m",2017-05-15,4,"base",23.96,1.04142135629039
"768","26m","osylv","m",2017-05-06,4,"base",23.425,4.71981075159755
"769","26m","osylv","m",2017-05-07,4,"base",24.975,3.54953431712081
"770","26m","osylv","m",2017-05-08,4,"base",23.875,8.99976094601796
"771","26m","osylv","m",2017-05-09,4,"base",25.25,7.45086217578028
"772","26m","osylv","m",2017-05-10,4,"base",22.4,7.20620518151902
"773","26m","osylv","m",2017-05-11,4,"base",25.1,5.09755674618996
"774","26m","osylv","m",2017-05-12,4,"base",24.975,2.44169395769377
"775","26m","osylv","m",2017-05-13,4,"base",25.975,7.63021527705504
"776","26m","osylv","m",2017-05-14,4,"base",24.08,6.76650504192751
"777","26m","osylv","m",2017-05-15,5,"base",23.96,4.65246899312048
"778","27f","osylv","f",2017-05-07,4,"pool_move",24.975,7.34818421997758
"779","27f","osylv","f",2017-05-08,4,"pool_move",23.875,2.26191874162711
"780","27f","osylv","f",2017-05-09,4,"base",25.25,9.20556456029495
"781","27f","osylv","f",2017-05-10,4,"base",22.4,6.06758351872831
"782","27f","osylv","f",2017-05-11,4,"pool_move",25.1,8.56814744375025
"783","27f","osylv","f",2017-05-12,4,"pool_move",24.975,5.29799959990512
"784","27f","osylv","f",2017-05-13,4,"base",25.975,4.46042386276241
"785","27f","osylv","f",2017-05-14,4,"pool_move",24.08,6.88026899502987
"786","27f","osylv","f",2017-05-15,5,"base",23.96,9.00983889364156
"787","28m","osylv","m",2017-05-07,4,"base",24.975,5.8318070148137
"788","28m","osylv","m",2017-05-08,4,"base",23.875,6.43993916121485
"789","28m","osylv","m",2017-05-09,4,"base",25.25,1.74142135619911
"790","28m","osylv","m",2017-05-10,4,"pool_move",22.4,5.31642990424566
"791","28m","osylv","m",2017-05-11,4,"base",25.1,4.20269188804424
"792","28m","osylv","m",2017-05-12,4,"w_op_sex",24.975,1.90000000000655
"793","28m","osylv","m",2017-05-13,4,"base",25.975,1.50944817697204
"794","28m","osylv","m",2017-05-14,4,"base",24.08,1.59695011052517
"795","28m","osylv","m",2017-05-15,4,"base",23.96,2.34596260279931
"796","29m","osylv","m",2017-05-07,4,"base",24.975,10.4683826997729
"797","29m","osylv","m",2017-05-09,4,"w_op_sex",25.25,10.8383641394314
"798","29m","osylv","m",2017-05-10,4,"base",22.4,9.29948609226513
"799","29m","osylv","m",2017-05-11,3,"pool_move",25.1,7.96164330286922
"800","29m","osylv","m",2017-05-12,4,"base",24.975,10.3700256278923
"801","29m","osylv","m",2017-05-13,4,"base",25.975,4.98866239609112
"802","29m","osylv","m",2017-05-14,4,"base",24.08,6.02590414151079
"803","29m","osylv","m",2017-05-15,4,"base",23.96,5.51320963308091
"804","2m","osylv","m",2017-04-24,4,"base",22.65,3.43496415271346
"805","2m","osylv","m",2017-04-25,4,"base",26.9333333333333,13.120664128022
"806","2m","osylv","m",2017-04-26,5,"pool_move",24.44,11.0798877014099
"807","2m","osylv","m",2017-04-27,3,"base",23.05,7.11678094261046
"808","2m","osylv","m",2017-04-28,5,"base",24.325,11.4110734380553
"809","2m","osylv","m",2017-04-29,4,"base",23.925,8.71020027154556
"810","2m","osylv","m",2017-04-30,4,"base",23.6666666666667,6.897037235388
"811","2m","osylv","m",2017-05-01,4,"base",25.475,3.47911742510629
"812","2m","osylv","m",2017-05-02,4,"base",23.025,3.24002725653045
"813","30f","osylv","f",2017-05-07,4,"pool_move",24.975,5.60062058610847
"814","30f","osylv","f",2017-05-08,4,"pool_move",23.875,3.59379236495252
"815","30f","osylv","f",2017-05-09,4,"pool_move",25.25,5.53934369328863
"816","30f","osylv","f",2017-05-10,4,"pool_move",22.4,0.100000000002183
"817","30f","osylv","f",2017-05-11,4,"base",25.1,3.13246783804688
"818","30f","osylv","f",2017-05-12,4,"pool_move",24.975,4.84532727103656
"819","30f","osylv","f",2017-05-13,4,"base",25.975,0.608276253121448
"820","31f","osylv","f",2017-05-08,4,"base",23.875,7.31643455061022
"821","31f","osylv","f",2017-05-09,3,"base",25.25,9.71766920147506
"822","31f","osylv","f",2017-05-10,4,"base",22.4,9.18210440879368
"823","31f","osylv","f",2017-05-11,4,"w_op_sex",25.1,14.9144842412185
"824","31f","osylv","f",2017-05-12,3,"pool_move",24.975,16.4246649606242
"825","31f","osylv","f",2017-05-13,4,"pool_move",25.975,15.6503418109379
"826","31f","osylv","f",2017-05-14,4,"pool_move",24.08,8.67305707368786
"827","31f","osylv","f",2017-05-15,4,"base",23.96,1.6664400283665
"828","3f","osylv","f",2017-04-24,4,"base",22.65,5.36447153378252
"829","3f","osylv","f",2017-04-25,4,"w_op_sex",26.9333333333333,5.00532928070962
"830","3f","osylv","f",2017-04-26,5,"base",24.44,11.6235625359681
"831","3f","osylv","f",2017-04-27,5,"base",23.05,5.97482872062997
"832","3f","osylv","f",2017-04-28,5,"pool_move",24.325,16.6096387869171
"833","3f","osylv","f",2017-04-29,4,"pool_move",23.925,5.28766671642663
"834","3f","osylv","f",2017-04-30,4,"base",23.6666666666667,5.08062484752148
"835","3f","osylv","f",2017-05-01,4,"pool_move",25.475,5.05714969172072
"836","3f","osylv","f",2017-05-02,4,"w_op_sex",23.025,4.00638111864134
"837","3f","osylv","f",2017-05-03,5,"base",25.26,0.299999999930151
"838","3f","osylv","f",2017-05-04,5,"pool_move",24.2,22.8854291438205
"839","3f","osylv","f",2017-05-05,5,"w_op_sex",21.575,18.3347700734229
"840","3f","osylv","f",2017-05-06,4,"base",23.425,4.84142135622054
"841","3f","osylv","f",2017-05-07,4,"base",24.975,3.53901528528622
"842","3f","osylv","f",2017-05-08,4,"base",23.875,8.19454370947505
"843","3f","osylv","f",2017-05-09,4,"base",25.25,2.080449381684
"844","3f","osylv","f",2017-05-10,4,"base",22.4,3.35576411929162
"845","4m","osylv","m",2017-04-24,4,"base",22.65,6.34082020435892
"846","4m","osylv","m",2017-04-25,4,"base",26.9333333333333,5.55502952883064
"847","4m","osylv","m",2017-04-26,5,"base",24.44,9.91063522831592
"848","4m","osylv","m",2017-04-27,5,"base",23.05,6.72321328245431
"849","4m","osylv","m",2017-04-28,5,"base",24.325,6.93331546222455
"850","4m","osylv","m",2017-04-29,4,"base",23.925,5.15422773842303
"851","4m","osylv","m",2017-04-30,4,"w_op_sex",23.6666666666667,6.6196354903825
"852","4m","osylv","m",2017-05-01,5,"w_op_sex",25.475,7.18802836166976
"853","4m","osylv","m",2017-05-02,4,"base",23.025,6.76835399061212
"854","6f","osylv","f",2017-04-24,4,"pool_move",22.65,12.1914614011952
"855","6f","osylv","f",2017-04-25,4,"base",26.9333333333333,2.3555532558149
"856","6f","osylv","f",2017-04-26,5,"pool_move",24.44,3.04841843207205
"857","6f","osylv","f",2017-04-27,5,"pool_move",23.05,2.35273004313834
"858","6f","osylv","f",2017-04-28,5,"pool_move",24.325,0.58284271239525
"859","6f","osylv","f",2017-04-29,4,"pool_move",23.925,3.90886485454105
"860","6f","osylv","f",2017-04-30,4,"base",23.6666666666667,1.91472577936373
"861","7m","osylv","m",2017-04-24,4,"base",22.65,2.46706447991973
"862","7m","osylv","m",2017-04-25,4,"base",26.9333333333333,3.08292756208535
"863","7m","osylv","m",2017-04-26,5,"w_op_sex",24.44,4.37112897064074
"864","7m","osylv","m",2017-04-27,5,"base",23.05,3.09755578836447
"865","7m","osylv","m",2017-04-28,5,"w_op_sex",24.325,6.29696289456668
"866","7m","osylv","m",2017-04-29,4,"base",23.925,0.647870866569449
"867","7m","osylv","m",2017-04-30,4,"base",23.6666666666667,4.86680699023541
"868","7m","osylv","m",2017-05-01,4,"base",25.475,8.05356284979813
"869","7m","osylv","m",2017-05-02,4,"base",23.025,3.01844520764905
"870","8f","osylv","f",2017-04-26,5,"base",24.44,12.7816365791706
"871","8f","osylv","f",2017-04-27,5,"pool_move",23.05,4.64165630453896
"872","8f","osylv","f",2017-04-28,5,"pool_move",24.325,8.41458051740349
"873","8f","osylv","f",2017-04-29,4,"pool_move",23.925,3.6688222391858
"874","8f","osylv","f",2017-04-30,4,"base",23.6666666666667,6.2608687298396
"875","8f","osylv","f",2017-05-01,4,"base",25.475,6.25698582403869
"876","8f","osylv","f",2017-05-02,4,"base",23.025,9.54360624259173
"877","8f","osylv","f",2017-05-03,5,"base",25.26,0.825583281622541
"878","9m","osylv","m",2017-04-25,4,"base",26.9333333333333,3.22649054753719
"879","9m","osylv","m",2017-04-26,5,"base",24.44,3.6097564949501
"880","9m","osylv","m",2017-04-27,5,"base",23.05,1.0485281374724
"881","9m","osylv","m",2017-04-28,5,"base",24.325,3.17666572413713
"882","9m","osylv","m",2017-04-29,4,"base",23.925,6.20806876640392
"883","9m","osylv","m",2017-04-30,4,"base",23.6666666666667,7.36303345053389
"884","9m","osylv","m",2017-05-01,4,"base",25.475,3.76789538911355
