"","id","date","time","sex","x","y","year"
"1","Dt001",2009-01-09,1545,"female",313825.316043,447144.993164,2009
"2","Dt001",2011-01-17,1600,"female",313827.932798,447137.730356,2011
"3","Dt001",2011-01-30,1400,"female",313830.335537,447132.77301,2011
"4","Dt001",2011-02-20,950,"female",313825.412354,447148.808922,2011
"5","Dt001",2011-03-02,0,"female",313820.174475,447142.616147,2011
"6","Dt001",2011-03-03,1210,"female",313825.017079,447148.631809,2011
"7","Dt001",2011-03-04,1010,"female",313825.666879,447146.643739,2011
"8","Dt001",2011-03-05,1100,"female",313823.928381,447146.338034,2011
"9","Dt001",2011-03-06,1320,"female",313825.378859,447145.964786,2011
"10","Dt001",2011-03-13,1130,"female",313823.646462,447154.870962,2011
"11","Dt001",2011-05-23,1340,"female",313825.361536,447146.805511,2011
"12","Dt003",2009-01-09,1624,"female",313692.459728,447460.542124,2009
"13","Dt003",2009-01-10,1336,"female",313693.306693,447460.659929,2009
"14","Dt003",2009-01-11,952,"female",313694.641396,447459.584778,2009
"15","Dt003",2009-01-13,1327,"female",313695.308268,447468.379677,2009
"16","Dt003",2009-01-15,1030,"female",313693.407533,447460.533872,2009
"17","Dt003",2009-01-17,1650,"female",313696.305978,447461.010635,2009
"18","Dt003",2009-01-19,1533,"female",313695.273705,447459.467438,2009
"19","Dt003",2009-01-20,1030,"female",313691.220854,447461.700478,2009
"20","Dt003",2009-01-23,1616,"female",313695.098433,447459.533536,2009
"21","Dt003",2009-01-25,0,"female",313696.385617,447460.172323,2009
"22","Dt003",2009-01-27,0,"female",313700.07288,447467.031513,2009
"23","Dt003",2009-01-30,1732,"female",313691.653171,447461.889039,2009
"24","Dt003",2009-01-31,1639,"female",313691.888428,447465.673708,2009
"25","Dt003",2009-02-03,1334,"female",313696.361785,447468.091817,2009
"26","Dt003",2009-02-04,0,"female",313690.589109,447460.759161,2009
"27","Dt003",2009-02-05,1330,"female",313691.513241,447459.920946,2009
"28","Dt003",2009-02-06,0,"female",313692.512588,447460.593987,2009
"29","Dt003",2009-02-07,1150,"female",313696.373746,447459.531007,2009
"30","Dt003",2009-02-09,1430,"female",313693.51076,447461.22091,2009
"31","Dt003",2009-02-10,1310,"female",313693.615409,447460.715487,2009
"32","Dt003",2009-02-13,1649,"female",313690.589109,447460.759161,2009
"33","Dt003",2009-02-14,1320,"female",313693.259009,447460.530605,2009
"34","Dt003",2009-02-16,1256,"female",313695.878991,447458.885545,2009
"35","Dt003",2010-01-21,0,"female",313694.876856,447459.302899,2010
"36","Dt003",2010-01-24,0,"female",313690.858503,447460.853149,2010
"37","Dt003",2010-01-31,0,"female",313691.675578,447466.25449,2010
"38","Dt003",2010-02-17,0,"female",313694.437978,447467.304514,2010
"39","Dt003",2010-02-18,0,"female",313691.507334,447458.130264,2010
"40","Dt003",2010-02-26,0,"female",313694.996283,447457.057307,2010
"41","Dt003",2010-03-06,1515,"female",313694.534373,447461.131933,2010
"42","Dt003",2010-03-09,0,"female",313745.201018,447612.279842,2010
"43","Dt003",2011-01-20,1025,"female",313696.859535,447460.855301,2011
"44","Dt003",2011-01-24,925,"female",313693.486832,447459.36899,2011
"45","Dt003",2011-01-30,1320,"female",313690.338556,447460.42185,2011
"46","Dt003",2011-02-01,1355,"female",313690.266922,447453.152684,2011
"47","Dt003",2011-02-03,1030,"female",313694.702034,447471.171957,2011
"48","Dt003",2011-02-07,1210,"female",313695.193582,447466.681704,2011
"49","Dt003",2011-02-12,1545,"female",313688.27412,447465.087204,2011
"50","Dt003",2011-02-18,1610,"female",313691.00482,447458.618657,2011
"51","Dt003",2011-02-19,1650,"female",313690.391941,447459.710203,2011
"52","Dt003",2011-02-21,1330,"female",313692.806645,447466.919802,2011
"53","Dt003",2011-02-24,1555,"female",313699.042672,447464.646927,2011
"54","Dt003",2011-03-03,1250,"female",313691.65898,447466.365405,2011
"55","Dt003",2011-03-07,1405,"female",313697.440629,447462.261258,2011
"56","Dt003",2011-03-10,1340,"female",313694.825664,447471.185535,2011
"57","Dt003",2011-03-11,1420,"female",313691.600702,447466.300919,2011
"58","Dt003",2011-03-18,1340,"female",313688.066023,447466.164519,2011
"59","Dt003",2011-03-21,1500,"female",313691.230251,447468.340075,2011
"60","Dt003",2011-03-26,1045,"female",313702.365499,447457.346279,2011
"61","Dt003",2011-03-28,1445,"female",313689.715987,447461.010965,2011
"62","Dt003",2011-04-03,1400,"female",313696.63356,447460.897404,2011
"63","Dt003",2011-04-05,1820,"female",313695.122027,447466.717728,2011
"64","Dt003",2011-04-17,1115,"female",313692.541163,447464.734078,2011
"65","Dt003",2011-04-19,1050,"female",313692.655052,447466.388136,2011
"66","Dt003",2011-04-26,1710,"female",313696.154506,447463.756924,2011
"67","Dt003",2011-05-01,1505,"female",313695.421339,447467.001621,2011
"68","Dt003",2011-05-09,1300,"female",313697.617765,447462.121445,2011
"69","Dt003",2011-05-10,0,"female",313693.848772,447464.820802,2011
"70","Dt003",2011-05-11,1210,"female",313691.674088,447466.646217,2011
"71","Dt003",2011-05-13,835,"female",313696.802291,447461.723685,2011
"72","Dt003",2011-05-14,1520,"female",313698.976197,447462.873133,2011
"73","Dt003",2011-05-15,1115,"female",313703.029156,447459.327739,2011
"74","Dt003",2011-05-16,1345,"female",313695.895753,447466.27113,2011
"75","Dt003",2011-05-17,1200,"female",313696.450116,447462.737751,2011
"76","Dt003",2011-05-26,0,"female",313688.934946,447459.862323,2011
"77","Dt003",2011-05-27,1050,"female",313689.308949,447459.940105,2011
"78","Dt003",2011-05-28,0,"female",313688.743394,447459.726499,2011
"79","Dt003",2011-05-29,1505,"female",313689.629655,447459.134935,2011
"80","Dt003",2011-06-04,0,"female",313689.170144,447459.561301,2011
"81","Dt004",2009-01-09,1624,"male",313692.407458,447460.542559,2009
"82","Dt004",2009-01-11,939,"male",313692.744122,447437.18987,2009
"83","Dt004",2009-01-23,1539,"male",313693.259217,447457.041003,2009
"84","Dt004",2009-01-29,1500,"male",313691.267696,447462.390864,2009
"85","Dt004",2009-02-04,1123,"male",313693.223474,447453.444464,2009
"86","Dt004",2009-02-07,1150,"male",313696.373746,447459.531007,2009
"87","Dt004",2009-02-09,1500,"male",313693.594771,447460.957608,2009
"88","Dt004",2009-02-10,1310,"male",313693.468092,447461.031546,2009
"89","Dt004",2009-02-17,1330,"male",313700.728142,447446.330312,2009
"90","Dt005",2009-01-09,1624,"male",313690.517276,447459.456086,2009
"91","Dt005",2009-01-20,1030,"male",313690.420053,447462.311294,2009
"92","Dt005",2009-01-29,1628,"male",313692.205095,447466.638202,2009
"93","Dt005",2009-02-07,1515,"male",313690.823944,447462.661607,2009
"94","Dt005",2009-02-09,1530,"male",313693.425488,447460.873756,2009
"95","Dt005",2009-02-16,1254,"male",313694.223468,447459.615104,2009
"96","Dt005",2009-02-17,1350,"male",313700.985795,447446.342936,2009
"97","Dt005",2010-02-13,0,"male",313699.497616,447433.920572,2010
"98","Dt005",2011-02-03,1410,"male",313691.371795,447462.537255,2011
"99","Dt005",2011-03-13,1155,"male",313691.737901,447465.124231,2011
"100","Dt005",2011-04-05,1822,"male",313695.145887,447466.673786,2011
"101","Dt005",2011-05-01,1500,"male",313688.196011,447466.479429,2011
"102","Dt005",2011-05-10,820,"male",313702.68496,447460.963498,2011
"103","Dt006",2009-01-09,1656,"male",313711.221871,447514.65282,2009
"104","Dt006",2009-01-16,1239,"male",313713.679445,447511.778201,2009
"105","Dt007",2009-01-09,1656,"female",313711.143723,447514.775217,2009
"106","Dt007",2009-01-11,1038,"female",313692.856813,447491.784014,2009
"107","Dt007",2009-01-18,1246,"female",313712.058141,447514.629107,2009
"108","Dt007",2009-01-22,1235,"female",313711.742132,447515.155707,2009
"109","Dt007",2009-01-25,1617,"female",313697.520306,447504.295161,2009
"110","Dt007",2009-02-06,0,"female",313695.759768,447502.067586,2009
"111","Dt007",2009-02-12,1756,"female",313710.021427,447507.04877,2009
"112","Dt007",2010-01-24,0,"female",313725.654515,447529.672134,2010
"113","Dt008",2009-01-09,1710,"male",313683.30776,447405.286523,2009
"114","Dt008",2011-02-05,0,"male",313718.831095,447349.014974,2011
"115","Dt008",2011-05-14,1550,"male",313692.255926,447379.984072,2011
"116","Dt009",2009-01-09,1710,"female",313683.230397,447405.500108,2009
"117","Dt009",2009-02-14,1330,"female",313683.210777,447405.595533,2009
"118","Dt010",2009-01-09,1721,"male",313699.040628,447343.213084,2009
"119","Dt010",2009-01-14,1744,"male",313701.871415,447346.998606,2009
"120","Dt010",2009-01-18,1623,"male",313701.265997,447346.670573,2009
"121","Dt010",2009-01-19,1650,"male",313701.871443,447346.968499,2009
"122","Dt010",2009-02-04,1810,"male",313701.563416,447346.889684,2009
"123","Dt010",2009-02-14,1808,"male",313702.874507,447346.951199,2009
"124","Dt010",2009-02-17,1550,"male",313700.946459,447446.487738,2009
"125","Dt010",2010-02-23,1140,"male",313701.488929,447357.718642,2010
"126","Dt010",2010-02-24,1115,"male",313701.415151,447358.391453,2010
"127","Dt010",2010-03-09,1635,"male",313702.493536,447353.299029,2010
"128","Dt011",2009-01-09,1721,"male",313699.063764,447343.229623,2009
"129","Dt011",2011-02-05,0,"male",313709.823708,447342.613161,2011
"130","Dt012",2009-01-10,1005,"male",313699.040628,447343.213084,2009
"131","Dt012",2009-02-15,1145,"male",313708.417004,447307.489214,2009
"132","Dt012",2010-01-25,0,"male",313700.932622,447358.131199,2010
"133","Dt012",2010-02-06,1431,"male",313701.015333,447358.372611,2010
"134","Dt012",2010-02-16,1230,"male",313700.873248,447358.033434,2010
"135","Dt012",2010-02-18,0,"male",313701.9124,447358.772825,2010
"136","Dt012",2010-02-23,1155,"male",313701.534589,447358.671666,2010
"137","Dt012",2010-02-25,1650,"male",313699.362571,447358.444779,2010
"138","Dt013",2009-01-10,1109,"male",313688.484271,447382.495952,2009
"139","Dt013",2009-02-18,1200,"male",313700.963501,447446.423236,2009
"140","Dt014",2009-01-10,1203,"male",313690.799964,447436.354042,2009
"141","Dt014",2010-01-25,0,"male",313693.41966,447460.091699,2010
"142","Dt014",2010-01-28,0,"male",313693.213763,447454.641024,2010
"143","Dt014",2010-01-29,0,"male",313695.093229,447456.216237,2010
"144","Dt014",2010-02-09,947,"male",313694.598084,447454.539754,2010
"145","Dt014",2010-02-11,0,"male",313698.169013,447458.04694,2010
"146","Dt014",2010-02-13,1320,"male",313694.838454,447455.096137,2010
"147","Dt014",2010-02-14,1020,"male",313699.166931,447456.080662,2010
"148","Dt014",2010-02-28,1536,"male",313699.656574,447459.604502,2010
"149","Dt014",2010-03-01,0,"male",313701.213347,447460.157541,2010
"150","Dt014",2010-03-02,1335,"male",313696.396014,447458.7745,2010
"151","Dt014",NA,0,"male",313704.081603,447461.854135,NA
"152","Dt015",2009-01-10,1304,"male",313817.230822,447627.359919,2009
"153","Dt015",2010-03-09,1310,"male",313831.114528,447656.349126,2010
"154","Dt018",2009-01-11,1205,"female",313692.774848,447498.508399,2009
"155","Dt019",2009-01-11,1301,"female",313807.154549,447167.99755,2009
"156","Dt019",2011-01-21,0,"female",313802.23698,447169.395557,2011
"157","Dt020",2009-01-11,1301,"male",313807.37208,447167.971144,2009
"158","Dt021",2009-01-11,1727,"female",313824.036303,447649.967826,2009
"159","Dt021",2009-01-19,1618,"female",313828.566151,447655.471193,2009
"160","Dt021",2010-02-01,0,"female",313828.548211,447654.616288,2010
"161","Dt021",2010-02-03,1409,"female",313827.960167,447648.98578,2010
"162","Dt021",2010-02-06,1634,"female",313828.546141,447653.73727,2010
"163","Dt021",2010-02-09,0,"female",313828.747443,447654.824339,2010
"164","Dt021",2010-02-10,1455,"female",313832.437741,447658.047219,2010
"165","Dt021",2010-02-15,1510,"female",313829.363843,447654.602851,2010
"166","Dt021",2010-02-17,1338,"female",313828.504961,447652.976361,2010
"167","Dt021",2010-02-21,1315,"female",313828.821921,447654.320392,2010
"168","Dt021",2010-03-07,0,"female",313829.380679,447655.306936,2010
"169","Dt021",2010-03-13,1150,"female",313829.726977,447656.470345,2010
"170","Dt021",2011-01-20,1100,"female",313829.564279,447656.659434,2011
"171","Dt021",2011-02-01,1235,"female",313829.299481,447655.92796,2011
"172","Dt021",2011-02-02,1205,"female",313820.472112,447648.175259,2011
"173","Dt021",2011-03-02,1150,"female",313829.49114,447656.727633,2011
"174","Dt021",2011-03-12,1230,"female",313832.513646,447656.684166,2011
"175","Dt021",2011-03-31,1430,"female",313828.14237,447655.059175,2011
"176","Dt021",2011-04-07,1530,"female",313829.835525,447656.521074,2011
"177","Dt021",2011-04-12,1430,"female",313829.187041,447649.426812,2011
"178","Dt021",2011-05-14,1450,"female",313828.602586,447655.272508,2011
"179","Dt021",2011-05-21,1140,"female",313829.552213,447655.387173,2011
"180","Dt021",2011-05-29,1520,"female",313826.573252,447649.53928,2011
"181","Dt021",2011-06-04,0,"female",313830.243978,447656.07573,2011
"182","Dt023",2009-01-12,1438,"female",313709.370053,447305.168423,2009
"183","Dt023",2009-01-13,847,"female",313711.821185,447315.452199,2009
"184","Dt023",2009-01-17,1156,"female",313708.901796,447304.422985,2009
"185","Dt023",2009-01-25,1021,"female",313708.650373,447323.460544,2009
"186","Dt023",2009-02-09,1120,"female",313708.781761,447307.09137,2009
"187","Dt023",2009-02-12,0,"female",313709.302528,447305.259383,2009
"188","Dt024",2009-01-12,1508,"female",313711.095069,447515.914464,2009
"189","Dt024",2009-02-15,1025,"female",313707.494172,447520.114945,2009
"190","Dt025",2009-01-12,1604,"female",313908.125822,447820.572923,2009
"191","Dt025",2009-01-29,1617,"female",313905.492938,447842.661774,2009
"192","Dt025",2009-02-03,1635,"female",313903.241734,447852.340953,2009
"193","Dt025",2009-02-05,1518,"female",313903.084129,447852.954483,2009
"194","Dt025",2009-02-11,1200,"female",313905.273961,447857.573045,2009
"195","Dt025",2009-02-13,1541,"female",313904.79789,447859.730943,2009
"196","Dt025",2009-02-14,1549,"female",313905.444818,447842.571988,2009
"197","Dt025",2009-02-15,1040,"female",313903.154806,447855.865376,2009
"198","Dt025",2010-02-04,1356,"female",313906.624997,447834.364653,2010
"199","Dt025",2010-02-08,1007,"female",313910.436926,447836.002839,2010
"200","Dt025",2010-02-13,1115,"female",313905.875555,447842.578588,2010
"201","Dt025",2010-03-04,1000,"female",313906.723448,447812.575638,2010
"202","Dt025",2010-03-08,1150,"female",313910.15664,447818.810874,2010
"203","Dt025",2010-03-12,1145,"female",313906.034931,447843.504374,2010
"204","Dt025",2010-03-14,0,"female",313909.75389,447811.628628,2010
"205","Dt025",2011-01-18,1205,"female",313913.865191,447835.479564,2011
"206","Dt025",2011-02-06,1215,"female",313904.325166,447857.622971,2011
"207","Dt025",2011-02-18,1300,"female",313911.304136,447833.096429,2011
"208","Dt025",2011-03-02,1020,"female",313910.243937,447833.0802,2011
"209","Dt025",2011-03-15,1110,"female",313910.40768,447813.182338,2011
"210","Dt025",2011-03-17,1605,"female",313905.712513,447842.910374,2011
"211","Dt025",2011-03-28,1550,"female",313912.02606,447827.482747,2011
"212","Dt025",2011-03-31,1550,"female",313909.370572,447834.514248,2011
"213","Dt025",2011-05-10,900,"female",313910.210354,447818.962246,2011
"214","Dt027",2009-01-12,1643,"male",313846.189914,448020.776694,2009
"215","Dt027",2009-01-24,1611,"male",313850.758042,448018.540261,2009
"216","Dt027",2009-01-29,1539,"male",313851.140383,448019.346257,2009
"217","Dt027",2009-01-31,1440,"male",313854.037444,448008.307085,2009
"218","Dt027",2009-02-01,1545,"male",313845.886877,448006.600446,2009
"219","Dt027",2009-02-04,1556,"male",313850.047405,448013.002497,2009
"220","Dt027",2009-02-05,1538,"male",313851.079716,448021.626862,2009
"221","Dt027",2009-02-06,0,"male",313846.143987,448020.302558,2009
"222","Dt028",2009-01-12,1732,"female",313804.568035,447623.303091,2009
"223","Dt028",2009-01-14,930,"female",313824.229873,447650.347972,2009
"224","Dt028",2009-02-01,1437,"female",313816.019865,447627.256795,2009
"225","Dt029",2009-01-16,1239,"female",313713.917634,447511.961899,2009
"226","Dt029",2010-01-19,0,"female",313696.430497,447484.845953,2010
"227","Dt029",2010-01-21,0,"female",313694.784519,447485.799657,2010
"228","Dt029",2010-03-04,915,"female",313704.361872,447462.634694,2010
"229","Dt029",2010-03-13,1400,"female",313705.474561,447469.459601,2010
"230","Dt030",2009-01-13,1043,"female",313897.17923,447755.035001,2009
"231","Dt030",2009-01-25,1500,"female",313896.163188,447742.423274,2009
"232","Dt030",2009-02-07,1358,"female",313904.421714,447765.432165,2009
"233","Dt030",2010-02-01,0,"female",313905.776529,447766.35004,2010
"234","Dt030",2010-02-02,0,"female",313891.025436,447735.115777,2010
"235","Dt030",2010-02-16,1104,"female",313886.365549,447732.418119,2010
"236","Dt033",2009-01-13,1342,"female",313693.645495,447369.537719,2009
"237","Dt033",2009-02-01,1726,"female",313695.082161,447371.379272,2009
"238","Dt033",2009-02-06,1205,"female",313697.256447,447355.351648,2009
"239","Dt033",2009-02-07,1555,"female",313693.516602,447369.629933,2009
"240","Dt033",2009-02-14,1406,"female",313697.519062,447360.462603,2009
"241","Dt033",2009-02-15,1237,"female",313693.830576,447350.397964,2009
"242","Dt033",2009-02-17,1748,"female",313699.041243,447343.246714,2009
"243","Dt033",2010-01-19,0,"female",313686.233481,447388.409892,2010
"244","Dt033",2010-01-21,0,"female",313687.366636,447385.024974,2010
"245","Dt033",2010-02-02,0,"female",313687.748234,447386.802118,2010
"246","Dt033",2010-02-18,0,"female",313693.616504,447369.783633,2010
"247","Dt033",2010-02-23,1005,"female",313689.272497,447371.411809,2010
"248","Dt033",2010-03-03,950,"female",313689.362492,447377.610663,2010
"249","Dt033",2010-03-07,0,"female",313697.713021,447360.639519,2010
"250","Dt033",2010-03-09,1145,"female",313695.026782,447377.033256,2010
"251","Dt033",2010-03-14,948,"female",313694.407844,447357.435628,2010
"252","Dt033",2011-01-19,1330,"female",313693.737282,447369.759833,2011
"253","Dt033",2011-01-21,1015,"female",313683.266072,447392.979358,2011
"254","Dt033",2011-01-30,946,"female",313693.295081,447374.139676,2011
"255","Dt033",2011-02-05,0,"female",313701.163939,447343.917469,2011
"256","Dt033",2011-02-06,1125,"female",313693.147373,447371.167416,2011
"257","Dt033",2011-02-07,1036,"female",313692.91989,447376.640387,2011
"258","Dt033",2011-02-21,1320,"female",313692.884644,447377.902812,2011
"259","Dt033",2011-03-09,1235,"female",313680.89369,447386.324016,2011
"260","Dt033",2011-03-12,1555,"female",313699.286865,447344.143699,2011
"261","Dt033",2011-03-22,1746,"female",313699.457707,447344.496998,2011
"262","Dt033",2011-03-28,1705,"female",313694.954769,447342.561191,2011
"263","Dt033",2011-03-31,1220,"female",313703.467636,447330.854653,2011
"264","Dt033",2011-04-03,0,"female",313704.053402,447330.321051,2011
"265","Dt033",2011-04-06,1100,"female",313697.332287,447354.758226,2011
"266","Dt033",2011-04-12,1130,"female",313706.523564,447327.336903,2011
"267","Dt033",2011-04-19,1340,"female",313706.35932,447329.318318,2011
"268","Dt033",2011-04-21,940,"female",313707.504121,447327.450703,2011
"269","Dt033",2011-04-22,800,"female",313695.707702,447363.623081,2011
"270","Dt033",2011-05-04,1545,"female",313704.142044,447330.792353,2011
"271","Dt033",2011-05-10,805,"female",313703.573557,447331.29105,2011
"272","Dt033",2011-05-13,1730,"female",313706.5342,447331.845975,2011
"273","Dt033",2011-05-14,1030,"female",313702.497091,447331.271344,2011
"274","Dt033",2011-05-17,1350,"female",313703.476667,447332.511211,2011
"275","Dt033",2011-05-25,930,"female",313700.927212,447340.829454,2011
"276","Dt034",2009-01-15,1249,"female",313804.850554,447623.920125,2009
"277","Dt034",2009-01-27,1637,"female",313806.403236,447624.600993,2009
"278","Dt034",2009-02-05,1420,"female",313807.536415,447622.231177,2009
"279","Dt034",2009-02-10,1348,"female",313815.539637,447628.241189,2009
"280","Dt034",2009-02-14,1522,"female",313806.310808,447624.331472,2009
"281","Dt034",2009-02-15,1244,"female",313806.381624,447624.405384,2009
"282","Dt034",2009-02-16,1451,"female",313867.697551,447683.958403,2009
"283","Dt035",2009-01-13,1317,"male",313712.197381,447514.112298,2009
"284","Dt038",2009-01-10,1158,"male",313711.879429,447515.024977,2009
"285","Dt038",2011-03-02,1215,"male",313694.684299,447511.692441,2011
"286","Dt041",2009-01-15,1231,"female",313734.902934,447543.536837,2009
"287","Dt041",2009-01-23,1625,"female",313730.16794,447545.799666,2009
"288","Dt043",2009-01-15,1324,"female",313890.918195,447732.05752,2009
"289","Dt044",2009-01-15,1550,"female",313713.493486,447514.437821,2009
"290","Dt044",2009-02-04,1200,"female",313712.796281,447514.746374,2009
"291","Dt044",2010-02-01,0,"female",313713.137757,447514.582874,2010
"292","Dt044",2011-01-21,1055,"female",313722.281401,447533.455194,2011
"293","Dt044",2011-01-24,1010,"female",313724.234346,447529.590468,2011
"294","Dt044",2011-02-01,1250,"female",313714.849536,447518.406146,2011
"295","Dt044",2011-02-14,1430,"female",313708.937172,447521.676347,2011
"296","Dt044",2011-02-18,1125,"female",313710.896894,447515.605878,2011
"297","Dt044",2011-03-12,1425,"female",313719.790399,447525.916148,2011
"298","Dt044",2011-05-02,1215,"female",313728.641052,447531.813845,2011
"299","Dt047",2009-01-17,1615,"female",313889.940544,447730.253697,2009
"300","Dt047",2009-01-18,1526,"female",313888.072917,447731.908668,2009
"301","Dt047",2009-01-27,1505,"female",313888.37709,447732.444022,2009
"302","Dt047",2009-01-29,1527,"female",313887.689247,447731.186009,2009
"303","Dt047",2009-02-14,1603,"female",313891.052271,447732.03808,2009
"304","Dt047",2010-01-30,0,"female",313888.343634,447735.360701,2010
"305","Dt047",2010-02-03,1057,"female",313887.667756,447733.090864,2010
"306","Dt047",2010-02-16,1400,"female",313886.243237,447731.720221,2010
"307","Dt047",2010-02-25,1450,"female",313887.77691,447725.169398,2010
"308","Dt047",2010-02-26,0,"female",313884.220362,447723.905881,2010
"309","Dt047",2010-02-27,0,"female",313885.435646,447723.956905,2010
"310","Dt047",2011-02-01,1215,"female",313890.371262,447735.25482,2011
"311","Dt047",2011-02-08,1550,"female",313888.934148,447730.491841,2011
"312","Dt047",2011-02-18,1510,"female",313890.803089,447728.557169,2011
"313","Dt047",2011-03-05,1400,"female",313888.366504,447732.40037,2011
"314","Dt047",2011-03-07,1215,"female",313888.152269,447733.80738,2011
"315","Dt047",2011-03-28,1520,"female",313887.171011,447732.871419,2011
"316","Dt050",2009-01-18,1500,"female",313909.015932,447790.083957,2009
"317","Dt050",2010-02-10,1505,"female",313910.006323,447796.873621,2010
"318","Dt050",2010-02-16,1545,"female",313908.122664,447791.506061,2010
"319","Dt050",2011-01-30,1045,"female",313909.340869,447781.311736,2011
"320","Dt050",2011-03-04,1335,"female",313908.384797,447781.269235,2011
"321","Dt050",2011-03-06,1510,"female",313905.338188,447767.196275,2011
"322","Dt050",2011-04-02,1430,"female",313909.545553,447795.742448,2011
"323","Dt050",2011-04-11,1130,"female",313908.367987,447790.07578,2011
"324","Dt056",2009-01-23,1102,"female",313690.306683,447433.736645,2009
"325","Dt056",2009-02-18,1200,"female",313700.934087,447446.254894,2009
"326","Dt056",2010-02-08,0,"female",313700.177935,447432.809439,2010
"327","Dt056",2010-02-10,0,"female",313700.293313,447441.303823,2010
"328","Dt056",2010-02-13,955,"female",313698.944776,447434.106259,2010
"329","Dt056",2010-02-18,0,"female",313696.903281,447434.134155,2010
"330","Dt056",2010-03-01,1044,"female",313700.203977,447441.046848,2010
"331","Dt056",2010-03-04,1200,"female",313700.528119,447443.518843,2010
"332","Dt056",2010-03-11,1405,"female",313698.18529,447434.196539,2010
"333","Dt056",2010-03-13,910,"female",313699.825459,447442.060742,2010
"334","Dt056",2011-01-27,1130,"female",313697.342323,447433.756256,2011
"335","Dt056",2011-04-07,1455,"female",313694.820576,447436.734073,2011
"336","Dt056",2011-05-01,1445,"female",313691.831224,447435.321786,2011
"337","Dt056",2011-05-11,0,"female",313698.412029,447431.685129,2011
"338","Dt056",2011-05-16,1340,"female",313690.793676,447436.631806,2011
"339","Dt056",2011-05-17,1547,"female",313688.973077,447442.233714,2011
"340","Dt056",2011-05-18,1305,"female",313697.128273,447434.200379,2011
"341","Dt056",2011-05-25,1055,"female",313700.104472,447449.831202,2011
"342","Dt056",2011-06-01,1645,"female",313700.805969,447443.642575,2011
"343","Dt057",2009-01-23,1518,"male",313690.925055,447376.423941,2009
"344","Dt057",2009-01-31,1652,"male",313692.289762,447380.895562,2009
"345","Dt057",2009-02-05,1600,"male",313694.934275,447374.46275,2009
"346","Dt057",2009-02-14,1230,"male",313690.000579,447376.177557,2009
"347","Dt057",2010-02-03,1525,"male",313693.070805,447379.565479,2010
"348","Dt057",2010-03-10,1100,"male",313690.356917,447377.424077,2010
"349","Dt057",2010-03-15,0,"male",313692.403494,447379.45494,2010
"350","Dt057",2011-02-03,1015,"male",313693.984884,447376.209461,2011
"351","Dt057",2011-03-18,1115,"male",313692.510941,447377.90761,2011
"352","Dt058",2009-01-23,1558,"female",313841.283706,447667.330501,2009
"353","Dt058",2009-01-27,1206,"female",313843.013821,447668.206575,2009
"354","Dt058",2009-02-04,1226,"female",313841.866451,447674.899546,2009
"355","Dt058",2009-02-14,1612,"female",313835.948795,447658.50476,2009
"356","Dt059",2009-01-23,1735,"female",313897.393829,447878.251837,2009
"357","Dt059",2010-02-13,1120,"female",313898.038359,447871.774312,2010
"358","Dt062",2009-01-24,1556,"male",313870.935066,447981.922332,2009
"359","Dt062",2011-03-13,1230,"male",313856.637623,447981.991114,2011
"360","Dt063",2009-01-24,1654,"male",313885.276624,447926.563875,2009
"361","Dt063",2009-02-03,1440,"male",313882.215638,447925.877326,2009
"362","Dt063",2010-02-28,1310,"male",313884.157594,447931.529359,2010
"363","Dt068",2009-01-25,1313,"female",313872.882509,447973.868936,2009
"364","Dt068",2009-01-27,1302,"female",313866.484426,447975.389542,2009
"365","Dt070",2009-01-27,1223,"male",313868.799996,447678.981332,2009
"366","Dt071",2009-01-27,1233,"female",313886.180148,447696.727398,2009
"367","Dt071",2010-02-13,0,"male",313880.018021,447688.288375,2010
"368","Dt071",2010-03-04,1030,"male",313883.090235,447691.835335,2010
"369","Dt071",2010-03-07,1415,"male",313877.660356,447684.1142,2010
"370","Dt071",2010-03-09,1325,"male",313884.284523,447690.300187,2010
"371","Dt071",2011-03-12,1415,"male",313880.855553,447694.11866,2011
"372","Dt071",2011-03-15,1058,"male",313881.453182,447693.248829,2011
"373","Dt071",2011-05-14,0,"male",313876.037851,447684.561606,2011
"374","Dt072",2010-03-05,1530,"female",313814.412839,448186.815381,2010
"375","Dt072",2011-02-14,1300,"female",313809.744766,448204.509256,2011
"376","Dt072",2011-02-26,1215,"female",313804.311371,448221.614908,2011
"377","Dt075",2009-01-27,1540,"female",313877.796468,447690.611555,2009
"378","Dt075",2009-02-07,1407,"female",313879.621771,447691.887399,2009
"379","Dt075",2010-02-03,1043,"female",313869.008209,447685.554238,2010
"380","Dt075",2010-02-11,1007,"female",313877.969746,447690.03965,2010
"381","Dt075",2010-02-14,1050,"female",313870.369048,447683.626757,2010
"382","Dt075",2010-02-18,1240,"female",313844.089171,447671.639943,2010
"383","Dt075",2010-02-23,1035,"female",313879.024789,447694.72578,2010
"384","Dt075",2010-03-02,0,"female",313877.46276,447690.193018,2010
"385","Dt075",2010-03-06,1150,"female",313881.223462,447692.288579,2010
"386","Dt075",2010-03-08,1130,"female",313870.619467,447683.36329,2010
"387","Dt075",2010-03-10,1000,"female",313875.071712,447686.813835,2010
"388","Dt075",2010-03-12,940,"female",313870.825865,447682.661543,2010
"389","Dt075",2010-03-13,1000,"female",313870.587863,447682.565603,2010
"390","Dt075",2010-03-14,0,"female",313865.632499,447684.262823,2010
"391","Dt078",2009-01-27,1656,"male",313717.100394,447521.23942,2009
"392","Dt078",2009-01-31,1329,"male",313694.160194,447508.988144,2009
"393","Dt078",2009-02-10,1320,"male",313692.862858,447497.581046,2009
"394","Dt078",2009-02-12,1625,"male",313703.447392,447487.507189,2009
"395","Dt078",2009-02-17,1330,"male",313700.674996,447446.185701,2009
"396","Dt078",2011-02-10,1415,"male",313689.124644,447505.81335,2011
"397","Dt078",2011-02-20,1609,"male",313698.408346,447507.257102,2011
"398","Dt078",2011-04-17,1330,"male",313699.014228,447509.587012,2011
"399","Dt079",2009-01-29,1303,"male",313743.830478,447246.536898,2009
"400","Dt079",2010-02-11,930,"male",313742.509454,447248.209992,2010
"401","Dt079",2010-03-08,1730,"male",313731.765519,447255.388073,2010
"402","Dt079",2011-02-13,1100,"male",313750.888634,447238.821472,2011
"403","Dt079",2011-04-30,935,"male",313741.212047,447257.972298,2011
"404","Dt079",2011-05-01,840,"male",313738.954466,447257.121493,2011
"405","Dt079",2011-05-11,1020,"male",313740.583147,447256.65941,2011
"406","Dt080",2009-01-29,1303,"female",313743.830478,447246.536898,2009
"407","Dt080",2011-04-10,1430,"female",313739.045435,447257.397094,2011
"408","Dt080",2011-05-09,1610,"female",313739.146779,447258.47461,2011
"409","Dt080",2011-05-11,955,"female",313741.257676,447257.151225,2011
"410","Dt080",2011-05-15,1505,"female",313739.011724,447257.706046,2011
"411","Dt080",2011-05-17,1715,"female",313738.856362,447256.915149,2011
"412","Dt080",2011-05-21,1345,"female",313738.522761,447257.862884,2011
"413","Dt080",2011-05-23,1330,"female",313738.818837,447257.397342,2011
"414","Dt081",2009-01-29,1450,"female",313690.321954,447446.280221,2009
"415","Dt081",2009-01-31,1238,"female",313690.855431,447446.459392,2009
"416","Dt081",2009-02-05,1422,"female",313687.227633,447440.026423,2009
"417","Dt081",2009-02-06,0,"female",313688.014278,447447.579376,2009
"418","Dt081",2010-01-28,0,"female",313693.132816,447451.321494,2010
"419","Dt081",2010-02-24,1120,"female",313691.058973,447451.632373,2010
"420","Dt081",2011-02-02,1040,"female",313688.381743,447448.364183,2011
"421","Dt081",2011-05-01,1530,"female",313688.350859,447451.85667,2011
"422","Dt081",2011-05-14,1645,"female",313687.450123,447448.232385,2011
"423","Dt081",2011-05-26,0,"female",313683.674358,447450.791415,2011
"424","Dt081",2011-05-29,0,"female",313682.600746,447449.014193,2011
"425","Dt082",2009-01-29,1610,"female",313857.377933,447991.429784,2009
"426","Dt082",2010-03-04,1015,"female",313882.942556,447932.296867,2010
"427","Dt082",2010-03-13,1125,"female",313881.331114,447936.909505,2010
"428","Dt084",2009-01-30,1407,"female",313727.212425,447268.986697,2009
"429","Dt086",2009-01-30,1653,"female",313903.537814,447764.269006,2009
"430","Dt086",2010-01-28,0,"female",313837.818463,447661.213594,2010
"431","Dt086",2010-02-02,0,"female",313842.149396,447669.943695,2010
"432","Dt086",2010-02-03,1405,"female",313839.569369,447668.918181,2010
"433","Dt086",2010-02-04,0,"female",313838.632078,447668.768195,2010
"434","Dt086",2010-02-06,1635,"female",313829.453894,447656.535967,2010
"435","Dt086",2010-02-10,1526,"female",313840.217178,447669.787569,2010
"436","Dt086",2010-02-11,0,"female",313836.561836,447669.67156,2010
"437","Dt086",2010-02-16,1340,"female",313842.123596,447668.03821,2010
"438","Dt086",2010-02-25,0,"female",313834.740011,447663.258627,2010
"439","Dt086",2010-03-03,1605,"female",313832.496406,447658.497171,2010
"440","Dt086",2010-03-10,1035,"female",313830.349978,447656.606031,2010
"441","Dt088",2009-01-31,1224,"male",313697.621978,447358.599128,2009
"442","Dt088",2009-02-05,1630,"male",313694.97561,447374.436775,2009
"443","Dt088",2009-02-06,0,"male",313700.970589,447359.066109,2009
"444","Dt088",2010-02-01,0,"male",313702.729318,447345.209379,2010
"445","Dt091",2009-01-31,1440,"male",313854.039753,448008.309589,2009
"446","Dt091",2009-02-15,1635,"male",313853.550087,448008.13633,2009
"447","Dt091",2010-01-21,0,"male",313853.716955,447999.628826,2010
"448","Dt091",2010-02-03,1217,"male",313851.948301,447998.286312,2010
"449","Dt091",2010-02-08,1148,"male",313851.943136,448010.20478,2010
"450","Dt091",2010-02-13,1305,"male",313853.528008,447999.618904,2010
"451","Dt091",2010-02-16,1435,"male",313847.620447,447999.030287,2010
"452","Dt091",2010-02-23,0,"male",313851.830941,447998.504755,2010
"453","Dt091",2010-03-01,1410,"male",313852.789515,448000.398969,2010
"454","Dt091",2010-03-03,1217,"male",313854.215962,448000.878882,2010
"455","Dt091",2010-03-07,1145,"male",313854.111916,448001.546313,2010
"456","Dt091",2010-03-13,0,"male",313853.345226,448001.050743,2010
"457","Dt091",NA,0,"male",313854.910653,448003.895955,NA
"458","Dt092",2009-01-31,1440,"female",313854.041607,448008.311885,2009
"459","Dt094",2010-03-13,1530,"female",313894.211856,447754.750695,2010
"460","Dt094",2011-01-18,0,"female",313902.755781,447762.097575,2011
"461","Dt094",2011-02-13,1455,"female",313904.928771,447755.744463,2011
"462","Dt094",2011-02-18,1235,"female",313905.776387,447762.027426,2011
"463","Dt094",2011-02-20,1525,"female",313906.063689,447766.909296,2011
"464","Dt094",2011-03-05,1311,"female",313901.830972,447765.575793,2011
"465","Dt094",2011-03-12,1410,"female",313905.234212,447768.389092,2011
"466","Dt094",2011-04-06,1245,"female",313906.148592,447764.718739,2011
"467","Dt094",2011-05-02,1245,"female",313905.368606,447768.394816,2011
"468","Dt097",2009-02-03,1440,"male",313882.229532,447925.82651,2009
"469","Dt097",2010-02-11,1205,"male",313883.898961,447930.433453,2010
"470","Dt097",2010-02-15,1447,"male",313884.926173,447929.664577,2010
"471","Dt097",2010-02-17,0,"male",313883.777005,447928.063195,2010
"472","Dt097",2010-03-01,0,"male",313883.818381,447926.922584,2010
"473","Dt097",2010-03-11,1405,"male",313865.850469,447696.345187,2010
"474","Dt097",2011-02-12,1435,"male",313884.232085,447916.489065,2011
"475","Dt099",2009-02-04,1102,"male",313683.112043,447440.736923,2009
"476","Dt099",2010-01-25,0,"male",313704.408131,447449.92201,2010
"477","Dt099",2010-02-28,0,"male",313689.208985,447442.002812,2010
"478","Dt099",2011-02-01,1010,"male",313692.716222,447453.183512,2011
"479","Dt099",2011-04-02,1100,"male",313687.761434,447448.99001,2011
"480","Dt099",2011-05-08,920,"male",313684.947921,447427.465073,2011
"481","Dt099",2011-05-28,0,"male",313680.662989,447449.941011,2011
"482","Dt099",NA,0,"male",313700.373731,447431.512599,NA
"483","Dt101",2009-02-04,1542,"male",313812.079385,448202.910731,2009
"484","Dt101",2010-02-01,0,"male",313807.469699,448211.082597,2010
"485","Dt101",2010-02-05,0,"male",313806.590934,448210.715729,2010
"486","Dt101",2010-02-11,1100,"male",313811.090939,448191.133278,2010
"487","Dt102",2009-02-04,1715,"male",313692.176418,447383.846721,2009
"488","Dt102",2009-02-18,1200,"male",313700.799607,447446.389368,2009
"489","Dt102",2010-01-25,0,"male",313700.774165,447358.173689,2010
"490","Dt106",2009-02-05,1538,"female",313851.30926,448019.488468,2009
"491","Dt108",2009-02-06,1235,"male",313698.204414,447358.980015,2009
"492","Dt108",2009-02-16,1000,"male",313708.605634,447305.845996,2009
"493","Dt108",2009-02-17,1545,"male",313701.005327,447446.204753,2009
"494","Dt113",2009-02-09,1345,"male",313690.612166,447438.12861,2009
"495","Dt113",2011-03-04,1250,"male",313742.849874,447448.888698,2011
"496","Dt113",2011-04-16,1305,"male",313741.377345,447447.77644,2011
"497","Dt113",2011-05-04,1150,"male",313742.79355,447449.496025,2011
"498","Dt114",2009-02-09,1430,"female",313693.30581,447461.138448,2009
"499","Dt114",2009-02-17,1330,"female",313700.857954,447446.175865,2009
"500","Dt114",2009-02-18,1200,"female",313700.6169,447446.202924,2009
"501","Dt115",2009-02-07,1204,"female",313909.915971,447795.940107,2009
"502","Dt115",2009-02-14,1553,"female",313910.79459,447795.458188,2009
"503","Dt115",2009-02-17,1000,"female",313903.005693,447764.401205,2009
"504","Dt115",2010-01-21,0,"female",313909.872794,447782.241284,2010
"505","Dt115",2010-02-17,1635,"female",313909.632222,447781.371004,2010
"506","Dt115",2010-02-26,0,"female",313908.51777,447782.333734,2010
"507","Dt115",2011-04-04,0,"female",313913.667051,447791.788142,2011
"508","Dt116",2011-02-26,935,"male",313717.144413,447345.450614,2011
"509","Dt116",2011-03-21,0,"male",313738.967914,447258.24196,2011
"510","Dt116",2011-05-02,1145,"male",313709.376111,447343.245928,2011
"511","Dt123",2009-02-12,1743,"female",313777.385533,447607.647453,2009
"512","Dt124",2009-02-12,1802,"female",313683.450997,447405.483207,2009
"513","Dt124",2010-03-03,1540,"female",313681.493942,447405.942996,2010
"514","Dt124",2011-01-21,900,"female",313678.768109,447402.83168,2011
"515","Dt125",2009-02-14,1240,"female",313683.341144,447405.415544,2009
"516","Dt125",2010-02-23,1010,"female",313695.209154,447405.698326,2010
"517","Dt132",2009-02-15,1515,"female",313717.198767,447520.89386,2009
"518","Dt132",2010-01-24,0,"female",313708.615383,447522.349762,2010
"519","Dt132",2011-05-04,0,"female",313794.87621,447442.064785,2011
"520","Dt132",2011-05-08,940,"female",313795.198893,447443.296633,2011
"521","Dt132",2011-05-25,940,"female",313770.912834,447426.374402,2011
"522","Dt142",2009-02-18,1043,"female",313760.18388,447574.803141,2009
"523","Dt142",2011-02-12,1255,"female",313760.636876,447572.327958,2011
"524","Dt142",2011-03-19,1455,"female",313763.73923,447577.719174,2011
"525","Dt142",2011-05-01,1010,"female",313764.954239,447591.05361,2011
"526","Dt142",2011-05-18,1015,"female",313768.070593,447590.922278,2011
"527","Dt142",2011-05-25,1110,"female",313765.7633,447593.304796,2011
"528","Dt143",2009-02-18,1200,"female",313700.931304,447446.186487,2009
"529","Dt144",2009-02-18,1200,"female",313700.778354,447446.334155,2009
"530","Dt145",2009-02-18,1200,"female",313700.693865,447446.365905,2009
"531","Dt146",2009-02-18,1200,"male",313700.696263,447446.247492,2009
"532","Dt147",2009-02-18,1200,"male",313700.997557,447446.281076,2009
"533","Dt148",2009-02-18,1200,"male",313700.913107,447446.331245,2009
"534","Dt149",2009-02-18,1200,"male",313700.849517,447446.247175,2009
"535","Dt149",2010-03-01,1044,"male",313699.866435,447441.336815,2010
"536","Dt149",2010-03-05,0,"male",313701.744374,447453.766777,2010
"537","Dt149",2010-03-06,1105,"male",313704.274299,447462.478645,2010
"538","Dt149",2010-03-14,1045,"male",313692.551952,447443.950678,2010
"539","Dt150",2009-02-18,1200,"male",313700.857846,447446.441873,2009
"540","Dt150",2011-02-05,0,"male",313707.673386,447340.942649,2011
"541","Dt150",2011-02-18,1045,"male",313704.199754,447344.370788,2011
"542","Dt151",2009-02-18,1200,"female",313700.73095,447446.41056,2009
"543","Dt151",2010-03-01,851,"female",313702.877033,447457.958195,2010
"544","Dt151",2010-03-05,0,"female",313702.464351,447460.167969,2010
"545","Dt151",2011-02-14,1450,"female",313704.522873,447459.077403,2011
"546","Dt151",2011-04-27,1105,"female",313702.041937,447457.411773,2011
"547","Dt151",2011-05-10,815,"female",313702.869123,447460.837907,2011
"548","Dt151",2011-05-14,1630,"female",313701.952018,447457.78879,2011
"549","Dt151",2011-05-29,1330,"female",313702.402386,447457.139868,2011
"550","Dt152",2009-02-18,1200,"male",313700.667328,447446.310703,2009
"551","Dt153",2009-02-18,1200,"female",313700.64079,447446.255501,2009
"552","Dt153",2010-03-11,1200,"female",313702.573879,447455.823757,2010
"553","Dt153",2011-04-07,1320,"female",313684.110273,447428.703953,2011
"554","Dt153",2011-05-01,950,"female",313674.936273,447418.244297,2011
"555","Dt153",2011-05-13,1035,"female",313689.092408,447427.114822,2011
"556","Dt153",2011-05-23,1320,"female",313698.599165,447430.300423,2011
"557","Dt154",2009-02-18,1200,"male",313700.722528,447446.171131,2009
"558","Dt154",2011-05-11,1630,"male",313689.043904,447427.693254,2011
"559","Dt154",2011-05-18,1310,"male",313688.824348,447426.00366,2011
"560","Dt155",2009-02-18,1200,"male",313700.767567,447446.228926,2009
"561","Dt156",2009-02-18,1200,"male",313700.83953,447446.528744,2009
"562","Dt156",2011-03-30,1035,"male",313742.033954,447262.599111,2011
"563","Dt157",2009-02-18,1200,"female",313700.79386,447446.165721,2009
"564","Dt160",2010-01-21,0,"female",313723.444626,447281.033953,2010
"565","Dt160",2010-01-27,0,"female",313728.401552,447279.936778,2010
"566","Dt160",2010-02-02,944,"female",313715.774435,447288.574713,2010
"567","Dt160",2010-02-18,0,"female",313718.632896,447289.335064,2010
"568","Dt160",2011-01-27,1350,"female",313728.691991,447273.475605,2011
"569","Dt160",2011-01-31,1345,"female",313727.542184,447272.625231,2011
"570","Dt160",2011-04-05,1055,"female",313710.541005,447303.524893,2011
"571","Dt162",2010-01-21,0,"female",313694.512093,447472.237026,2010
"572","Dt162",2010-01-29,1026,"female",313691.521887,447459.733488,2010
"573","Dt162",2010-01-30,0,"female",313695.596779,447470.415672,2010
"574","Dt162",2010-02-01,0,"female",313701.949084,447470.541276,2010
"575","Dt162",2010-02-02,0,"female",313701.248529,447469.217712,2010
"576","Dt162",2010-02-03,1502,"female",313682.734817,447475.727711,2010
"577","Dt162",2010-02-09,0,"female",313694.871883,447473.967066,2010
"578","Dt162",2010-02-11,1318,"female",313691.167114,447482.162564,2010
"579","Dt162",2010-02-17,1225,"female",313691.378905,447481.549792,2010
"580","Dt162",2010-02-26,0,"female",313691.866073,447482.558719,2010
"581","Dt162",2010-03-01,835,"female",313691.566878,447481.043072,2010
"582","Dt162",2010-03-03,1025,"female",313685.316715,447495.65208,2010
"583","Dt162",2010-03-04,920,"female",313692.81305,447475.751915,2010
"584","Dt162",2010-03-05,1010,"female",313686.555265,447492.634782,2010
"585","Dt162",2010-03-06,1050,"female",313694.035757,447487.727281,2010
"586","Dt162",2010-03-09,1555,"female",313687.335017,447489.809769,2010
"587","Dt162",2010-03-11,0,"female",313691.650725,447470.140617,2010
"588","Dt162",2010-03-12,840,"female",313694.496695,447476.633402,2010
"589","Dt162",2010-03-13,930,"female",313690.483185,447477.121001,2010
"590","Dt162",2010-03-14,1055,"female",313692.563127,447501.576935,2010
"591","Dt162",2011-01-18,1230,"female",313696.64116,447504.336809,2011
"592","Dt162",2011-01-19,1000,"female",313695.274988,447485.763407,2011
"593","Dt162",2011-01-20,1250,"female",313695.697844,447486.682766,2011
"594","Dt162",2011-01-21,940,"female",313695.695176,447486.663518,2011
"595","Dt162",2011-01-24,1000,"female",313694.90719,447488.9933,2011
"596","Dt162",2011-01-26,0,"female",313693.606232,447495.999133,2011
"597","Dt162",2011-01-30,955,"female",313692.913237,447488.232741,2011
"598","Dt162",2011-02-01,1020,"female",313693.177321,447486.478637,2011
"599","Dt162",2011-02-03,1045,"female",313694.132364,447497.364379,2011
"600","Dt162",2011-02-04,1645,"female",313693.0003,447496.228822,2011
"601","Dt162",2011-02-07,1215,"female",313691.960497,447506.782691,2011
"602","Dt162",2011-02-10,1110,"female",313692.543907,447483.70282,2011
"603","Dt162",2011-02-12,1540,"female",313689.894732,447495.104991,2011
"604","Dt162",2011-02-18,1545,"female",313694.612205,447484.910052,2011
"605","Dt162",2011-02-20,1150,"female",313692.355182,447490.737764,2011
"606","Dt162",2011-02-23,1340,"female",313689.667087,447495.676378,2011
"607","Dt162",2011-02-24,1045,"female",313694.897825,447484.759623,2011
"608","Dt162",2011-02-25,0,"female",313694.117148,447487.59149,2011
"609","Dt162",2011-02-27,1115,"female",313689.814521,447495.249346,2011
"610","Dt162",2011-03-01,1120,"female",313691.071283,447489.272391,2011
"611","Dt162",2011-03-04,1300,"female",313692.414344,447497.538923,2011
"612","Dt162",2011-03-05,1231,"female",313695.557278,447496.336333,2011
"613","Dt162",2011-03-08,1050,"female",313691.140603,447492.117304,2011
"614","Dt162",2011-03-11,1400,"female",313695.394913,447485.356411,2011
"615","Dt162",2011-03-12,1550,"female",313692.887798,447486.829599,2011
"616","Dt162",2011-03-13,1300,"female",313689.503524,447495.488685,2011
"617","Dt162",2011-03-22,1700,"female",313689.582465,447495.507203,2011
"618","Dt162",2011-03-26,1040,"female",313689.700281,447495.454945,2011
"619","Dt162",2011-03-28,1450,"female",313689.671113,447495.507437,2011
"620","Dt162",2011-04-02,1315,"female",313689.798965,447495.277344,2011
"621","Dt162",2011-04-04,1240,"female",313695.581648,447486.774722,2011
"622","Dt162",2011-04-06,1600,"female",313692.846347,447488.274406,2011
"623","Dt162",2011-04-07,1715,"female",313696.757309,447494.831224,2011
"624","Dt162",2011-04-13,1120,"female",313695.201992,447500.30238,2011
"625","Dt162",2011-04-17,1115,"female",313689.720212,447495.419074,2011
"626","Dt162",2011-04-25,1630,"female",313689.633814,447495.416658,2011
"627","Dt162",2011-04-27,1005,"female",313689.648751,447495.547682,2011
"628","Dt162",2011-05-01,1155,"female",313693.088672,447494.435565,2011
"629","Dt162",2011-05-02,1700,"female",313699.43711,447507.041248,2011
"630","Dt162",2011-05-03,1450,"female",313692.988988,447497.038221,2011
"631","Dt162",2011-05-05,1715,"female",313695.5339,447499.144996,2011
"632","Dt162",2011-05-06,0,"female",313697.249916,447486.016829,2011
"633","Dt162",2011-05-08,1205,"female",313696.409765,447502.832452,2011
"634","Dt162",2011-05-09,1105,"female",313696.566523,447491.599114,2011
"635","Dt162",2011-05-11,1140,"female",313696.400887,447486.243306,2011
"636","Dt162",2011-05-13,1050,"female",313689.574209,447495.366535,2011
"637","Dt162",2011-05-14,1040,"female",313689.638543,447495.566054,2011
"638","Dt162",2011-05-15,1455,"female",313689.79657,447495.600436,2011
"639","Dt162",2011-05-17,1015,"female",313692.486537,447495.371075,2011
"640","Dt162",2011-06-01,1450,"female",313689.718284,447495.582318,2011
"641","Dt163",2010-01-21,0,"female",313695.360929,447485.549841,2010
"642","Dt163",2010-01-30,0,"female",313695.076977,447470.139106,2010
"643","Dt163",2010-02-03,1049,"female",313880.071844,447691.240452,2010
"644","Dt164",2010-01-21,0,"male",313816.760654,447626.931628,2010
"645","Dt164",2011-02-07,1240,"male",313849.442781,447678.975472,2011
"646","Dt164",2011-03-08,1202,"male",313848.898006,447682.862075,2011
"647","Dt165",2010-01-21,0,"male",313828.491013,447655.413382,2010
"648","Dt165",2011-02-02,0,"male",313850.706837,447675.489843,2011
"649","Dt166",2010-01-21,0,"female",313877.445667,447690.241074,2010
"650","Dt166",2010-03-01,910,"female",313883.807188,447703.889168,2010
"651","Dt166",2011-01-24,1250,"female",313882.618975,447698.26304,2011
"652","Dt166",2011-05-14,0,"female",313876.492796,447682.894836,2011
"653","Dt166",2011-05-17,1045,"female",313875.877171,447684.644463,2011
"654","Dt167",2010-01-21,0,"male",313888.720552,447730.052568,2010
"655","Dt167",2010-02-03,1057,"male",313887.67486,447732.539002,2010
"656","Dt167",2010-02-16,1400,"male",313885.853159,447731.753625,2010
"657","Dt167",2010-03-08,1440,"male",313888.882558,447732.73607,2010
"658","Dt167",2010-03-13,1550,"male",313890.422916,447729.285577,2010
"659","Dt167",2011-01-19,1036,"male",313887.216663,447731.795852,2011
"660","Dt167",2011-02-01,1220,"male",313887.801809,447732.309506,2011
"661","Dt167",2011-02-17,1330,"male",313886.779224,447726.730182,2011
"662","Dt168",2010-01-21,0,"female",313905.614669,447765.682601,2010
"663","Dt169",2010-01-21,0,"female",313854.704375,448000.941887,2010
"664","Dt169",2010-01-30,0,"female",313854.519393,448000.931745,2010
"665","Dt169",2010-02-01,0,"female",313854.08241,448006.50697,2010
"666","Dt169",2010-02-13,1305,"female",313854.464391,447999.481881,2010
"667","Dt169",2010-02-16,1530,"female",313851.676628,447997.436959,2010
"668","Dt169",2010-03-12,1130,"female",313853.370997,448001.133867,2010
"669","Dt169",2011-01-18,0,"female",313856.847708,447981.27138,2011
"670","Dt169",2011-01-19,1205,"female",313853.23821,447998.32231,2011
"671","Dt169",2011-01-24,1125,"female",313853.332042,447998.689579,2011
"672","Dt169",2011-01-31,1615,"female",313855.45791,448006.294444,2011
"673","Dt169",2011-02-14,0,"female",313851.242588,448001.948917,2011
"674","Dt169",2011-04-02,1500,"female",313852.978833,447998.986879,2011
"675","Dt169",2011-04-17,1145,"female",313852.566185,447999.753235,2011
"676","Dt169",2011-04-20,1500,"female",313854.616785,448000.053952,2011
"677","Dt169",2011-05-10,915,"female",313853.514153,448000.795058,2011
"678","Dt170",2010-01-21,0,"female",313852.903817,448014.892806,2010
"679","Dt171",2010-01-21,0,"male",313857.502452,448009.098377,2010
"680","Dt171",2010-01-22,0,"male",313848.377624,448021.486376,2010
"681","Dt171",2010-02-08,1148,"male",313851.199984,448010.586316,2010
"682","Dt171",2010-03-07,0,"male",313848.999643,448019.051102,2010
"683","Dt171",2011-01-18,1145,"male",313850.994796,447997.839317,2011
"684","Dt171",2011-02-14,0,"male",313851.286643,448001.894516,2011
"685","Dt171",2011-02-19,1615,"male",313850.129636,448002.064035,2011
"686","Dt171",2011-03-04,1350,"male",313849.811024,448000.731472,2011
"687","Dt172",2010-01-19,0,"female",313696.549284,447484.881392,2010
"688","Dt172",2010-01-21,0,"female",313696.526015,447484.731026,2010
"689","Dt172",2010-01-27,0,"female",313694.760094,447486.257093,2010
"690","Dt172",2010-02-01,0,"female",313703.8295,447327.700855,2010
"691","Dt173",2010-01-22,0,"female",313688.42354,447382.883054,2010
"692","Dt173",2010-02-02,0,"female",313713.790446,447511.870757,2010
"693","Dt173",2010-03-03,1050,"female",313701.225472,447457.47085,2010
"694","Dt173",2010-03-04,1220,"female",313689.315781,447428.307601,2010
"695","Dt174",2010-01-22,0,"female",313871.175524,447965.031763,2010
"696","Dt174",2010-02-16,1420,"female",313874.981477,447969.068312,2010
"697","Dt174",2010-03-04,1100,"female",313871.751387,447957.549863,2010
"698","Dt178",2010-02-03,1303,"female",313889.743703,447902.122815,2010
"699","Dt178",2010-02-04,1155,"female",313888.436438,447900.963893,2010
"700","Dt178",2010-02-09,0,"female",313886.653546,447910.409152,2010
"701","Dt178",2010-02-14,1105,"female",313888.33563,447903.004953,2010
"702","Dt178",2010-03-01,1449,"female",313886.819408,447910.312058,2010
"703","Dt178",2010-03-04,1350,"female",313891.678715,447903.633539,2010
"704","Dt178",2011-02-18,0,"female",313889.609068,447901.603694,2011
"705","Dt191",2010-01-27,0,"female",313851.523478,447680.073767,2010
"706","Dt191",2010-02-06,1520,"female",313861.843745,447681.819563,2010
"707","Dt191",2010-02-10,0,"female",313862.441546,447681.317863,2010
"708","Dt191",2010-02-16,1352,"female",313862.919132,447682.240665,2010
"709","Dt191",2010-03-04,954,"female",313862.374579,447680.973691,2010
"710","Dt191",2010-03-12,920,"female",313857.269309,447681.394553,2010
"711","Dt191",2011-02-02,0,"female",313850.061003,447675.520461,2011
"712","Dt191",2011-02-23,1315,"female",313857.822165,447681.817261,2011
"713","Dt191",2011-02-26,1037,"female",313854.623014,447681.503866,2011
"714","Dt191",2011-04-09,1125,"female",313862.42491,447682.550837,2011
"715","Dt191",2011-04-26,1450,"female",313872.368866,447683.023356,2011
"716","Dt191",2011-05-09,1520,"female",313863.248446,447682.430555,2011
"717","Dt191",2011-05-17,1130,"female",313869.636171,447683.183298,2011
"718","Dt192",2010-01-28,0,"male",313700.219832,447441.628906,2010
"719","Dt192",2011-02-27,1030,"male",313702.311293,447457.574483,2011
"720","Dt192",2011-04-19,1135,"male",313735.135334,447454.646026,2011
"721","Dt193",2010-01-28,0,"male",313700.225257,447441.720287,2010
"722","Dt193",2010-03-05,0,"male",313692.9771,447475.241331,2010
"723","Dt193",2011-01-30,956,"male",313693.149906,447496.228271,2011
"724","Dt193",2011-03-26,1045,"male",313702.995917,447458.42096,2011
"725","Dt194",2010-01-28,0,"male",313837.239022,447669.465658,2010
"726","Dt194",2010-01-31,0,"male",313837.318574,447669.60232,2010
"727","Dt194",2010-02-02,0,"male",313844.551553,447674.941717,2010
"728","Dt194",2010-02-05,0,"male",313843.275416,447676.325974,2010
"729","Dt194",2010-02-10,1303,"male",313838.989453,447669.620694,2010
"730","Dt194",2010-02-11,1000,"male",313838.041758,447669.473084,2010
"731","Dt194",2010-02-16,1340,"male",313841.838306,447668.214938,2010
"732","Dt194",2010-03-14,1400,"male",313840.705936,447668.836582,2010
"733","Dt194",2011-01-26,1600,"male",313842.709787,447670.59058,2011
"734","Dt194",2011-02-02,0,"male",313851.377838,447674.286758,2011
"735","Dt194",2011-02-03,1200,"male",313852.457049,447674.945262,2011
"736","Dt194",2011-06-04,0,"male",313864.158231,447685.926404,2011
"737","Dt196",2010-01-28,0,"female",313694.321737,447455.823139,2010
"738","Dt196",2010-02-02,0,"female",313691.798562,447468.197395,2010
"739","Dt196",2010-02-03,1440,"female",313697.884846,447445.151167,2010
"740","Dt196",2010-02-06,1100,"female",313701.127778,447447.847653,2010
"741","Dt196",2010-02-26,0,"female",313694.986675,447457.137538,2010
"742","Dt196",2010-03-05,905,"female",313700.433804,447447.546249,2010
"743","Dt196",2010-03-06,0,"female",313701.038148,447445.756968,2010
"744","Dt196",2010-03-10,915,"female",313701.214504,447450.227298,2010
"745","Dt196",2010-03-12,0,"female",313702.019097,447457.875329,2010
"746","Dt196",2011-02-07,1200,"female",313699.950899,447455.403255,2011
"747","Dt196",2011-03-02,1255,"female",313700.995514,447446.012388,2011
"748","Dt196",2011-03-05,1530,"female",313699.625533,447440.852349,2011
"749","Dt196",2011-03-06,1115,"female",313701.632274,447455.086656,2011
"750","Dt196",2011-03-07,1135,"female",313702.037592,447451.324183,2011
"751","Dt196",2011-03-13,1533,"female",313702.071739,447459.297925,2011
"752","Dt196",2011-03-29,1200,"female",313702.237355,447450.470316,2011
"753","Dt196",2011-04-04,1100,"female",313701.331215,447454.217139,2011
"754","Dt196",2011-04-09,1515,"female",313700.118537,447444.388003,2011
"755","Dt196",2011-04-14,1400,"female",313700.883963,447443.954217,2011
"756","Dt196",2011-04-25,1135,"female",313700.551054,447447.124407,2011
"757","Dt196",2011-04-30,1045,"female",313699.965036,447443.46847,2011
"758","Dt196",2011-05-01,1200,"female",313701.240256,447453.296016,2011
"759","Dt196",2011-05-09,1315,"female",313707.270185,447453.874702,2011
"760","Dt196",2011-05-14,1605,"female",313702.047356,447455.530532,2011
"761","Dt198",2010-02-01,0,"male",313708.290279,447521.542962,2010
"762","Dt198",2010-02-08,915,"male",313715.409881,447520.238921,2010
"763","Dt198",2010-03-05,1345,"male",313709.242346,447522.571046,2010
"764","Dt201",2010-01-29,0,"male",313837.933976,447666.359391,2010
"765","Dt201",2011-02-02,0,"male",313853.426927,447675.488211,2011
"766","Dt202",2010-01-30,0,"female",313888.635998,447735.176225,2010
"767","Dt202",2010-02-16,1550,"female",313884.112281,447725.345933,2010
"768","Dt204",2010-02-01,0,"male",313725.333109,447270.438879,2010
"769","Dt204",2011-01-23,1615,"male",313722.308444,447270.765763,2011
"770","Dt204",2011-01-24,855,"male",313720.105876,447270.813328,2011
"771","Dt204",2011-01-31,1345,"male",313727.494451,447272.574042,2011
"772","Dt204",2011-02-21,1150,"male",313723.276517,447271.175819,2011
"773","Dt204",2011-03-17,0,"male",313738.840654,447257.081739,2011
"774","Dt204",2011-03-20,1035,"male",313738.991283,447257.444554,2011
"775","Dt204",2011-03-25,1245,"male",313723.135637,447271.038919,2011
"776","Dt204",2011-04-03,745,"male",313727.900432,447279.314183,2011
"777","Dt204",2011-04-07,1040,"male",313740.324941,447256.777742,2011
"778","Dt204",2011-04-11,855,"female",313738.688867,447257.733481,2011
"779","Dt204",2011-04-19,1335,"male",313725.696012,447271.541554,2011
"780","Dt204",2011-06-04,0,"male",313729.089396,447272.320338,2011
"781","Dt211",2010-02-02,0,"male",313691.230408,447468.585634,2010
"782","Dt211",2010-03-05,950,"male",313696.184486,447486.001676,2010
"783","Dt211",2011-02-20,1130,"male",313699.658409,447440.161498,2011
"784","Dt211",2011-05-24,1400,"male",313701.317664,447451.52679,2011
"785","Dt211",2011-05-30,1230,"male",313682.947919,447454.665886,2011
"786","Dt216",2010-02-04,1600,"male",313719.112304,447288.823156,2010
"787","Dt216",2010-02-18,0,"male",313718.456641,447288.653801,2010
"788","Dt218",2010-02-06,1007,"female",313693.560811,447462.253249,2010
"789","Dt218",2011-05-26,0,"female",313685.498262,447455.372846,2011
"790","Dt218",2011-05-28,0,"female",313684.466589,447455.914187,2011
"791","Dt220",2010-02-06,1450,"female",313806.247557,447626.509691,2010
"792","Dt220",2011-01-18,0,"female",313805.832743,447624.052614,2011
"793","Dt220",2011-02-01,1055,"female",313817.6035,447626.551842,2011
"794","Dt220",2011-02-12,1530,"female",313799.486923,447618.377592,2011
"795","Dt220",2011-03-22,1645,"female",313818.347378,447627.351347,2011
"796","Dt220",2011-05-02,1220,"female",313815.41952,447626.883897,2011
"797","Dt220",2011-05-03,1505,"female",313818.226523,447628.594481,2011
"798","Dt221",2010-02-06,1552,"male",313840.649581,448040.096703,2010
"799","Dt221",2010-02-17,1620,"male",313842.274851,448038.911518,2010
"800","Dt221",2010-03-13,1510,"male",313843.108479,448038.052368,2010
"801","Dt221",2011-03-06,1430,"male",313855.736468,447999.139686,2011
"802","Dt221",2011-03-13,1225,"male",313853.327175,448000.304774,2011
"803","Dt222",2010-02-06,1520,"female",313876.352694,447682.896539,2010
"804","Dt222",2010-02-10,0,"female",313876.529344,447683.623369,2010
"805","Dt222",2010-02-11,1250,"female",313875.71562,447683.178731,2010
"806","Dt222",2010-03-07,1415,"female",313878.07104,447683.693493,2010
"807","Dt222",2010-03-13,1610,"female",313875.573384,447683.314832,2010
"808","Dt222",2011-01-18,0,"female",313878.306897,447684.575556,2011
"809","Dt222",2011-02-02,0,"female",313850.27289,447674.879709,2011
"810","Dt222",2011-03-02,1049,"female",313872.6347,447682.465752,2011
"811","Dt222",2011-03-06,1400,"female",313873.118204,447683.185093,2011
"812","Dt222",2011-04-06,1233,"female",313872.990098,447684.679427,2011
"813","Dt222",2011-04-11,1125,"female",313876.014677,447686.199022,2011
"814","Dt222",2011-04-13,1505,"female",313871.971769,447683.316638,2011
"815","Dt222",2011-04-26,1625,"female",313873.972113,447685.038458,2011
"816","Dt222",2011-05-08,1115,"female",313876.089393,447686.205561,2011
"817","Dt222",2011-05-14,0,"female",313876.116835,447682.289764,2011
"818","Dt222",2011-05-16,0,"female",313877.570487,447684.146266,2011
"819","Dt222",2011-05-21,1245,"female",313874.591376,447682.643141,2011
"820","Dt222",2011-05-25,1140,"female",313874.051215,447683.849906,2011
"821","Dt222",2011-05-29,1535,"female",313875.040717,447683.495838,2011
"822","Dt222",NA,0,"female",313875.180946,447683.656761,NA
"823","Dt228",2010-02-08,1020,"female",313818.937756,448158.086248,2010
"824","Dt228",2010-03-05,1130,"female",313818.06666,448153.398608,2010
"825","Dt228",2011-02-12,1355,"female",313820.855445,448152.328817,2011
"826","Dt231",2010-02-03,0,"male",313889.983071,447901.862905,2010
"827","Dt231",2010-02-09,1027,"male",313892.038028,447889.911481,2010
"828","Dt231",2011-03-10,1427,"male",313893.468489,447884.141853,2011
"829","Dt236",2010-02-10,0,"male",313700.9316,447445.558523,2010
"830","Dt236",2011-03-18,1230,"male",313797.956498,447428.69391,2011
"831","Dt236",2011-05-08,1035,"male",313798.875947,447438.835257,2011
"832","Dt238",2010-02-10,0,"female",313734.910362,447551.601917,2010
"833","Dt238",2010-03-05,1020,"female",313740.343979,447561.067266,2010
"834","Dt241",2010-02-11,1220,"male",313898.207313,447749.924295,2010
"835","Dt243",2010-02-13,1045,"male",313880.011767,447688.119521,2010
"836","Dt243",2011-04-06,1233,"male",313873.158083,447684.568777,2011
"837","Dt243",2011-04-27,1140,"male",313873.613171,447686.167524,2011
"838","Dt243",2011-05-14,0,"male",313872.577339,447682.505631,2011
"839","Dt243",2011-05-21,1245,"male",313873.147415,447684.744537,2011
"840","Dt250",2010-02-16,1435,"female",313848.536979,448000.610449,2010
"841","Dt250",2010-03-01,1410,"female",313853.668375,448000.633608,2010
"842","Dt251",2010-02-16,1525,"male",313824.766242,448114.710042,2010
"843","Dt253",2010-02-17,1640,"male",313845.791263,447677.944221,2010
"844","Dt253",2010-03-14,1210,"male",313838.015819,447667.649314,2010
"845","Dt253",2011-01-24,1030,"male",313839.307927,447669.618679,2011
"846","Dt253",2011-01-26,1600,"male",313842.270347,447671.702622,2011
"847","Dt254",2010-02-17,1655,"female",313696.366366,447505.102658,2010
"848","Dt254",2011-02-13,1525,"female",313691.674189,447503.483129,2011
"849","Dt254",2011-04-27,1115,"female",313696.51923,447504.555936,2011
"850","Dt254",2011-05-08,1050,"female",313695.868733,447502.072407,2011
"851","Dt259",2010-02-18,0,"male",313910.711564,447808.676351,2010
"852","Dt259",2011-03-05,1330,"male",313913.480206,447833.476682,2011
"853","Dt261",2010-02-18,0,"female",313709.778982,447302.556616,2010
"854","Dt261",2010-03-14,939,"female",313712.991515,447299.533933,2010
"855","Dt261",2011-02-05,0,"female",313702.689309,447345.009282,2011
"856","Dt261",2011-04-14,1250,"female",313708.882429,447304.165742,2011
"857","Dt264",2010-02-03,1032,"female",313836.99037,447661.18165,2010
"858","Dt264",2010-02-14,0,"female",313831.332792,447657.676233,2010
"859","Dt264",2010-02-21,1315,"female",313829.190848,447653.837227,2010
"860","Dt264",2011-01-26,1625,"female",313829.742363,447655.762845,2011
"861","Dt264",2011-02-12,1520,"female",313827.770532,447653.863479,2011
"862","Dt264",2011-03-08,1100,"female",313831.769255,447659.062803,2011
"863","Dt264",2011-03-10,1533,"female",313829.338306,447655.952348,2011
"864","Dt264",2011-03-11,1410,"female",313829.131446,447655.990337,2011
"865","Dt264",2011-03-22,1640,"female",313829.365415,447655.882648,2011
"866","Dt264",2011-04-02,1525,"female",313830.728786,447657.804948,2011
"867","Dt264",2011-04-06,1210,"female",313830.925086,447657.28064,2011
"868","Dt264",2011-04-07,1530,"female",313829.936089,447656.480995,2011
"869","Dt264",2011-05-16,0,"female",313829.243924,447655.247083,2011
"870","Dt264",2011-05-24,1155,"female",313828.07128,447655.188851,2011
"871","Dt277",2010-03-01,850,"male",313877.502546,447689.952289,2010
"872","Dt277",2010-03-12,1200,"male",313886.902381,447711.542611,2010
"873","Dt284",2010-03-03,1510,"male",313694.414732,447452.842756,2010
"874","Dt284",2011-02-10,1430,"male",313700.620693,447447.058325,2011
"875","Dt284",2011-02-17,1110,"male",313701.728024,447452.665364,2011
"876","Dt284",2011-03-03,1425,"male",313701.942268,447451.836035,2011
"877","Dt284",2011-03-13,1445,"male",313700.6897,447446.88159,2011
"878","Dt284",2011-04-04,1100,"male",313701.259092,447454.291914,2011
"879","Dt284",2011-05-14,1635,"male",313701.188871,447452.819952,2011
"880","Dt284",2011-05-27,1125,"male",313686.61356,447457.864239,2011
"881","Dt288",2010-03-05,1050,"female",313853.530876,447681.649307,2010
"882","Dt288",2011-02-02,0,"female",313850.137211,447675.141666,2011
"883","Dt288",2011-02-04,1250,"female",313851.493915,447675.242926,2011
"884","Dt289",2010-03-05,1050,"male",313853.487028,447681.51478,2010
"885","Dt290",2010-02-06,1030,"male",313699.941217,447441.428077,2010
"886","Dt290",2010-03-05,1245,"male",313702.056832,447456.539039,2010
"887","Dt290",2011-02-12,1200,"male",313762.611929,447425.431126,2011
"888","Dt290",2011-04-02,0,"male",313751.953711,447434.613455,2011
"889","Dt290",2011-04-30,1115,"male",313775.840528,447427.883179,2011
"890","Dt290",2011-05-16,0,"male",313772.081045,447425.64124,2011
"891","Dt292",2011-02-17,1050,"female",313678.211227,447471.315371,2011
"892","Dt292",2011-04-02,1715,"female",313683.311624,447483.0242,2011
"893","Dt295",2010-03-05,0,"female",313708.606322,447522.85383,2010
"894","Dt295",2011-01-21,950,"female",313708.394515,447516.016412,2011
"895","Dt295",2011-02-02,1620,"female",313709.512664,447519.614353,2011
"896","Dt295",2011-02-03,1050,"female",313697.025692,447510.610214,2011
"897","Dt295",2011-02-12,1245,"female",313720.113831,447526.142789,2011
"898","Dt295",2011-02-24,1340,"female",313707.443662,447520.569019,2011
"899","Dt295",2011-02-27,1120,"female",313706.115624,447512.826223,2011
"900","Dt295",2011-03-09,820,"female",313696.403098,447505.161261,2011
"901","Dt295",2011-03-10,1345,"female",313698.994934,447504.841214,2011
"902","Dt295",2011-03-19,1530,"female",313706.089375,447516.60959,2011
"903","Dt295",2011-03-20,1635,"female",313704.196659,447513.671563,2011
"904","Dt295",2011-04-09,1105,"female",313696.654073,447491.804872,2011
"905","Dt295",2011-04-29,1200,"female",313696.094993,447502.230886,2011
"906","Dt295",2011-05-02,1210,"female",313708.469951,447519.42212,2011
"907","Dt295",2011-05-11,1430,"female",313707.955451,447522.376631,2011
"908","Dt295",2011-05-29,0,"female",313698.614704,447498.467458,2011
"909","Dt297",2010-03-07,1115,"male",313842.2483,448039.957608,2010
"910","Dt297",2011-01-24,1110,"male",313911.238603,447825.90303,2011
"911","Dt304",2010-03-10,835,"male",313702.493536,447353.299029,2010
"912","Dt304",2011-04-12,0,"male",313748.311512,447269.99084,2011
"913","Dt306",2010-03-10,925,"male",313699.458662,447440.8819,2010
"914","Dt306",2011-01-20,1000,"male",313702.306189,447457.239512,2011
"915","Dt307",2010-03-10,1000,"female",313876.693144,447683.731181,2010
"916","Dt307",2011-02-08,1645,"female",313872.504435,447683.060539,2011
"917","Dt307",2011-02-12,1500,"female",313872.445957,447682.820702,2011
"918","Dt307",2011-02-14,1400,"female",313871.402247,447683.431607,2011
"919","Dt307",2011-02-17,1335,"female",313871.24936,447683.180553,2011
"920","Dt307",2011-02-20,1514,"female",313871.215533,447683.421194,2011
"921","Dt307",2011-04-06,1233,"female",313873.079203,447684.634029,2011
"922","Dt307",2011-05-14,0,"female",313874.015962,447685.028336,2011
"923","Dt307",2011-05-29,1535,"female",313873.662215,447683.879327,2011
"924","Dt307",2011-06-04,0,"female",313876.667442,447684.093344,2011
"925","Dt313",2010-03-13,950,"female",313817.196994,447643.354482,2010
"926","Dt314",2010-02-08,935,"male",313885.466298,447713.147499,2010
"927","Dt314",2011-02-24,1223,"male",313885.125477,447711.236484,2011
"928","Dt314",2011-03-09,1005,"male",313884.165193,447700.341039,2011
"929","Dt314",2011-04-12,1450,"male",313885.940983,447712.507368,2011
"930","Dt314",2011-04-21,1645,"male",313886.486445,447713.020005,2011
"931","Dt326",2011-03-22,1640,"male",313828.797942,447655.092327,2011
"932","Dt326",2011-05-24,1155,"male",313828.511228,447655.313181,2011
"933","Dt327",2010-02-08,1234,"female",313840.030099,447670.388076,2010
"934","Dt327",2011-02-04,1250,"female",313852.611,447677.874448,2011
"935","Dt327",2011-02-14,1405,"female",313853.460981,447675.731589,2011
"936","Dt327",2011-02-18,1215,"female",313850.578656,447673.758787,2011
"937","Dt327",2011-02-24,0,"female",313851.118187,447675.667586,2011
"938","Dt327",2011-03-01,1150,"female",313849.150286,447680.875745,2011
"939","Dt327",2011-03-06,1320,"female",313853.245095,447681.998234,2011
"940","Dt327",2011-03-22,1435,"female",313852.770645,447676.545908,2011
"941","Dt331",2011-01-18,0,"female",313871.762561,447681.252442,2011
"942","Dt331",2011-01-21,1135,"female",313872.654419,447682.428667,2011
"943","Dt331",2011-01-30,1230,"female",313883.268637,447697.566702,2011
"944","Dt331",2011-02-02,0,"female",313848.947395,447682.776356,2011
"945","Dt331",2011-02-03,1200,"female",313850.157544,447682.63955,2011
"946","Dt331",2011-02-04,1250,"female",313849.774194,447680.974286,2011
"947","Dt331",2011-02-06,1250,"female",313849.547749,447681.538778,2011
"948","Dt331",2011-02-07,1330,"female",313849.356286,447681.55966,2011
"949","Dt331",2011-02-08,1540,"female",313849.221752,447681.344143,2011
"950","Dt331",2011-02-12,1315,"female",313849.891598,447682.196106,2011
"951","Dt331",2011-02-13,1230,"female",313853.322667,447676.478165,2011
"952","Dt331",2011-02-18,1220,"female",313867.40576,447685.136228,2011
"953","Dt331",2011-02-24,1317,"female",313858.701656,447686.247302,2011
"954","Dt331",2011-02-26,1035,"female",313850.211652,447682.222394,2011
"955","Dt331",2011-03-04,1400,"female",313850.380109,447682.741289,2011
"956","Dt331",2011-03-06,1400,"female",313861.447789,447681.324547,2011
"957","Dt331",2011-03-22,1630,"female",313849.98803,447678.414086,2011
"958","Dt331",2011-03-23,1535,"female",313850.371778,447677.548812,2011
"959","Dt331",2011-03-26,1510,"female",313849.543185,447679.160266,2011
"960","Dt331",2011-04-13,1615,"female",313849.055283,447679.341637,2011
"961","Dt331",2011-04-25,1445,"female",313850.921107,447679.059753,2011
"962","Dt331",2011-05-08,1110,"female",313858.136282,447683.34736,2011
"963","Dt331",2011-05-16,0,"female",313850.669263,447677.144702,2011
"964","Dt331",2011-05-17,1135,"female",313866.881437,447683.529274,2011
"965","Dt331",2011-05-24,1140,"female",313849.258072,447683.27821,2011
"966","Dt331",2011-05-27,0,"female",313848.814076,447678.779187,2011
"967","Dt336",2011-01-19,1300,"female",313736.840429,447551.854666,2011
"968","Dt336",2011-02-26,1015,"female",313747.395423,447557.387085,2011
"969","Dt336",2011-05-10,1400,"female",313739.441117,447550.121707,2011
"970","Dt338",2011-01-21,1025,"female",313780.079015,447423.988238,2011
"971","Dt338",2011-03-04,1230,"female",313782.073336,447424.67503,2011
"972","Dt338",2011-03-23,1455,"female",313787.503055,447426.272742,2011
"973","Dt338",2011-04-12,1640,"female",313793.228834,447419.779385,2011
"974","Dt338",2011-04-20,1050,"female",313780.681911,447417.852252,2011
"975","Dt338",2011-05-04,0,"female",313792.977786,447438.834761,2011
"976","Dt338",2011-05-30,1200,"female",313799.21323,447426.702803,2011
"977","Dt341",2011-02-08,0,"male",313709.318003,447343.908861,2011
"978","Dt342",2011-01-21,1040,"male",313807.43734,447169.914313,2011
"979","Dt342",2011-01-24,855,"male",313721.32066,447270.583125,2011
"980","Dt342",2011-03-17,0,"male",313742.561859,447262.632254,2011
"981","Dt342",2011-03-19,1600,"male",313742.445332,447260.914349,2011
"982","Dt342",2011-03-28,1030,"male",313739.031722,447257.105859,2011
"983","Dt342",2011-04-11,915,"male",313747.340204,447269.261503,2011
"984","Dt342",2011-06-04,0,"male",313729.255179,447272.34736,2011
"985","Dt344",2011-01-24,1405,"female",313686.358851,447398.593742,2011
"986","Dt344",2011-02-06,1345,"female",313686.124086,447388.17164,2011
"987","Dt344",2011-02-24,1607,"female",313689.075865,447381.458918,2011
"988","Dt344",2011-03-05,1545,"female",313686.026062,447388.90522,2011
"989","Dt344",2011-03-06,1339,"female",313685.721725,447390.475745,2011
"990","Dt344",2011-03-13,1144,"female",313684.713214,447388.836362,2011
"991","Dt344",2011-03-15,1415,"female",313683.098294,447393.124249,2011
"992","Dt344",2011-03-23,1705,"female",313686.11994,447387.588622,2011
"993","Dt344",2011-04-02,1050,"female",313684.862029,447398.386216,2011
"994","Dt344",2011-05-01,1550,"female",313683.108976,447397.259454,2011
"995","Dt344",2011-05-08,915,"female",313686.058212,447387.321149,2011
"996","Dt344",2011-05-09,1100,"female",313686.40799,447387.220413,2011
"997","Dt344",2011-05-10,1110,"female",313687.531531,447384.034418,2011
"998","Dt344",2011-05-11,1045,"female",313685.867509,447388.013721,2011
"999","Dt344",2011-05-16,0,"female",313682.844056,447388.85693,2011
"1000","Dt344",2011-05-18,1315,"female",313686.953434,447386.470302,2011
"1001","Dt344",2011-05-24,915,"female",313687.972694,447385.864685,2011
"1002","Dt344",2011-05-31,0,"female",313694.347423,447369.07526,2011
"1003","Dt347",2011-01-30,1040,"female",313885.804134,447712.076546,2011
"1004","Dt347",2011-02-24,1220,"female",313885.125477,447711.236484,2011
"1005","Dt347",2011-03-09,1000,"female",313884.415347,447706.088371,2011
"1006","Dt347",2011-05-14,0,"female",313876.032979,447684.56273,2011
"1007","Dt351",2011-01-30,1330,"male",313684.771775,447463.238904,2011
"1008","Dt351",2011-04-26,1710,"male",313696.038275,447464.006163,2011
"1009","Dt352",2011-01-30,1330,"male",313684.864295,447463.333058,2011
"1010","Dt352",2011-02-14,1000,"male",313690.963521,447461.041393,2011
"1011","Dt352",2011-03-26,1030,"male",313691.022088,447454.542184,2011
"1012","Dt352",2011-04-04,900,"male",313702.384531,447457.146366,2011
"1013","Dt352",2011-05-09,1115,"male",313699.295507,447460.540103,2011
"1014","Dt352",2011-05-29,0,"male",313681.993342,447453.021718,2011
"1015","Dt355",2011-01-31,1450,"male",313728.151623,447279.543986,2011
"1016","Dt355",2011-02-27,1220,"male",313725.901698,447279.546243,2011
"1017","Dt355",2011-03-05,1555,"male",313727.678057,447279.627435,2011
"1018","Dt355",2011-03-06,1615,"male",313727.082712,447277.954034,2011
"1019","Dt355",2011-03-10,940,"male",313725.781615,447279.697889,2011
"1020","Dt355",2011-03-20,0,"female",313741.193116,447262.033322,2011
"1021","Dt355",2011-04-10,1445,"male",313724.741803,447279.768502,2011
"1022","Dt355",2011-05-11,0,"male",313728.857703,447279.817725,2011
"1023","Dt355",2011-05-18,1320,"male",313726.813045,447278.359308,2011
"1024","Dt363",2011-02-02,1020,"male",313693.35868,447374.815239,2011
"1025","Dt363",2011-02-05,0,"male",313703.715677,447344.340117,2011
"1026","Dt363",2011-02-10,1050,"male",313704.128257,447344.752567,2011
"1027","Dt363",2011-02-17,1020,"male",313686.612632,447386.686044,2011
"1028","Dt363",2011-03-04,1230,"male",313797.403626,447428.587355,2011
"1029","Dt363",2011-06-03,0,"male",313687.226736,447377.669202,2011
"1030","Dt364",2011-02-02,1205,"male",313820.520043,447648.224897,2011
"1031","Dt364",2011-05-17,1030,"male",313829.230245,447657.244817,2011
"1032","Dt365",2011-02-02,0,"female",313852.415914,447674.745657,2011
"1033","Dt366",2011-02-02,0,"female",313850.509688,447680.831001,2011
"1034","Dt366",2011-02-04,1250,"female",313851.583158,447677.66669,2011
"1035","Dt367",2011-02-02,0,"male",313851.186528,447676.189595,2011
"1036","Dt368",2011-02-02,0,"female",313850.627339,447672.446742,2011
"1037","Dt368",2011-05-14,0,"female",313871.896899,447683.635572,2011
"1038","Dt369",2011-02-02,0,"male",313850.553914,447672.804324,2011
"1039","Dt370",2011-02-02,0,"male",313850.216638,447674.057521,2011
"1040","Dt371",2011-02-02,0,"female",313849.270813,447675.833288,2011
"1041","Dt372",2011-02-02,0,"male",313849.597475,447680.384862,2011
"1042","Dt373",2011-02-02,0,"male",313849.938104,447680.467153,2011
"1043","Dt374",2011-02-02,0,"male",313849.289297,447676.322349,2011
"1044","Dt374",2011-02-03,1200,"male",313849.557245,447676.552046,2011
"1045","Dt375",2011-02-02,0,"female",313849.715332,447672.528377,2011
"1046","Dt375",2011-02-04,1250,"female",313849.539331,447678.555309,2011
"1047","Dt375",2011-02-13,1220,"female",313849.794699,447678.022395,2011
"1048","Dt375",2011-02-14,0,"female",313850.438348,447677.186946,2011
"1049","Dt375",2011-03-08,1155,"female",313849.156388,447677.208695,2011
"1050","Dt375",2011-03-09,840,"female",313849.876811,447678.0968,2011
"1051","Dt375",2011-03-10,1500,"female",313850.421327,447678.674232,2011
"1052","Dt375",2011-03-15,1050,"female",313850.330324,447677.576771,2011
"1053","Dt375",2011-03-18,1500,"female",313850.371778,447677.548812,2011
"1054","Dt375",2011-03-23,1535,"female",313849.567554,447678.955558,2011
"1055","Dt375",2011-03-26,1510,"female",313849.784452,447677.304263,2011
"1056","Dt375",2011-03-28,1510,"female",313849.94125,447678.281683,2011
"1057","Dt375",2011-03-29,0,"female",313849.567554,447678.955558,2011
"1058","Dt375",2011-04-11,1310,"female",313841.972665,447674.116155,2011
"1059","Dt375",2011-04-16,0,"female",313849.443708,447678.773033,2011
"1060","Dt375",2011-05-04,0,"female",313795.699165,447440.662976,2011
"1061","Dt376",2011-02-02,0,"male",313849.400046,447675.475927,2011
"1062","Dt376",2011-02-17,1150,"male",313849.575473,447676.468013,2011
"1063","Dt376",2011-05-01,1030,"male",313839.744548,447669.318252,2011
"1064","Dt377",2011-02-02,0,"male",313850.199145,447675.270026,2011
"1065","Dt377",2011-02-08,1540,"male",313850.524729,447677.319234,2011
"1066","Dt377",2011-02-10,1130,"male",313851.294191,447677.383481,2011
"1067","Dt377",2011-02-12,1515,"male",313849.901815,447677.457683,2011
"1068","Dt377",2011-02-19,1540,"male",313851.216002,447676.419011,2011
"1069","Dt377",2011-03-06,1320,"male",313853.271206,447682.013008,2011
"1070","Dt377",2011-03-09,840,"male",313850.190129,447677.096369,2011
"1071","Dt377",2011-03-10,15,"male",313849.923956,447677.827496,2011
"1072","Dt377",2011-03-22,1630,"male",313850.368875,447677.607841,2011
"1073","Dt377",2011-03-26,1510,"male",313849.911814,447677.505207,2011
"1074","Dt379",2011-02-02,1423,"male",313839.726821,447669.286917,2011
"1075","Dt384",2011-02-04,1430,"male",313908.439444,447779.08121,2011
"1076","Dt384",2011-03-06,1510,"male",313905.338188,447767.196275,2011
"1077","Dt384",2011-03-08,1110,"male",313908.829928,447791.057034,2011
"1078","Dt384",2011-03-11,0,"male",313908.949645,447791.099432,2011
"1079","Dt384",2011-03-22,1515,"male",313909.719208,447783.857886,2011
"1080","Dt384",2011-04-03,1530,"male",313912.227425,447791.015089,2011
"1081","Dt384",2011-04-04,0,"male",313911.813306,447790.549185,2011
"1082","Dt384",2011-04-07,1550,"male",313909.312076,447788.32341,2011
"1083","Dt384",2011-04-17,1245,"male",313907.005875,447774.818622,2011
"1084","Dt384",2011-05-09,1505,"male",313912.744478,447789.004061,2011
"1085","Dt384",2011-06-04,0,"male",313902.945745,447780.622121,2011
"1086","Dt385",2011-02-05,0,"male",313703.969861,447345.692895,2011
"1087","Dt386",2011-02-05,0,"male",313705.115899,447346.040535,2011
"1088","Dt386",2011-02-21,0,"male",313714.754926,447343.434833,2011
"1089","Dt387",2011-02-05,0,"female",313703.611612,447342.01497,2011
"1090","Dt387",2011-04-21,1000,"female",313699.218166,447345.061276,2011
"1091","Dt389",2011-02-05,0,"male",313703.94056,447344.097923,2011
"1092","Dt389",2011-02-06,1105,"male",313700.585213,447343.861261,2011
"1093","Dt389",2011-03-02,1432,"male",313717.162787,447345.519197,2011
"1094","Dt389",2011-03-06,1053,"male",313715.025902,447343.039273,2011
"1095","Dt390",2011-02-05,0,"female",313704.791699,447344.961,2011
"1096","Dt391",2011-02-05,0,"male",313706.288466,447342.991043,2011
"1097","Dt392",2011-02-05,0,"female",313706.78883,447342.020867,2011
"1098","Dt394",2011-01-31,1515,"female",313713.284638,447348.125861,2011
"1099","Dt394",2011-02-05,0,"female",313702.469295,447345.702656,2011
"1100","Dt394",2011-03-02,1555,"female",313711.169159,447345.224763,2011
"1101","Dt395",2011-02-05,0,"female",313712.814536,447340.760203,2011
"1102","Dt395",2011-03-23,1255,"female",313720.163934,447342.924762,2011
"1103","Dt396",2011-02-05,0,"female",313711.959349,447340.595517,2011
"1104","Dt397",2011-02-05,0,"female",313713.053079,447347.065089,2011
"1105","Dt398",2011-02-05,0,"female",313714.70311,447341.987293,2011
"1106","Dt399",2011-02-05,0,"female",313716.362714,447343.340487,2011
"1107","Dt400",2011-02-05,0,"male",313717.543828,447344.060449,2011
"1108","Dt401",2011-02-05,0,"male",313698.09402,447343.483832,2011
"1109","Dt401",2011-02-06,1100,"male",313699.915232,447343.691804,2011
"1110","Dt401",2011-04-07,1255,"male",313700.830224,447343.744928,2011
"1111","Dt401",2011-05-11,810,"male",313692.796684,447340.117862,2011
"1112","Dt402",2011-02-05,0,"female",313714.690697,447342.470107,2011
"1113","Dt402",2011-02-17,1015,"female",313714.836741,447342.225239,2011
"1114","Dt403",2011-02-05,0,"male",313719.431455,447350.147526,2011
"1115","Dt403",2011-04-07,915,"male",313724.013665,447382.940512,2011
"1116","Dt403",2011-06-05,0,"male",313725.502077,447384.855275,2011
"1117","Dt404",2011-02-05,0,"female",313722.515936,447344.697225,2011
"1118","Dt405",2011-02-05,0,"male",313716.368435,447353.106486,2011
"1119","Dt406",2011-02-05,0,"male",313716.974916,447343.507919,2011
"1120","Dt406",2011-06-02,0,"male",313724.512804,447375.651852,2011
"1121","Dt407",2011-02-06,1110,"male",313703.415193,447342.562489,2011
"1122","Dt411",2011-02-12,1120,"male",313712.169504,447342.682136,2011
"1123","Dt411",2011-02-21,0,"male",313704.336251,447344.603248,2011
"1124","Dt411",2011-03-23,1255,"male",313720.124002,447342.894669,2011
"1125","Dt411",2011-04-25,1045,"male",313717.047363,447345.088378,2011
"1126","Dt419",2011-02-12,1520,"male",313827.6812,447653.874445,2011
"1127","Dt419",2011-05-15,1435,"male",313828.147773,447655.528961,2011
"1128","Dt421",2011-02-13,1245,"male",313849.007952,447679.328953,2011
"1129","Dt424",2011-02-14,1100,"male",313854.393211,447679.140001,2011
"1130","Dt426",2011-02-17,946,"female",313727.765013,447258.817025,2011
"1131","Dt426",2011-05-03,1005,"female",313741.745088,447256.950658,2011
"1132","Dt436",2011-02-18,1150,"male",313815.19447,447627.546311,2011
"1133","Dt436",2011-02-19,1540,"male",313851.285108,447676.40778,2011
"1134","Dt436",2011-04-11,1315,"male",313828.841629,447649.83429,2011
"1135","Dt436",2011-06-04,0,"male",313829.95069,447656.766006,2011
"1136","Dt445",2011-02-07,1608,"male",313762.151728,447424.831789,2011
"1137","Dt445",2011-02-20,1405,"male",313701.871466,447454.033649,2011
"1138","Dt445",2011-03-25,1400,"male",313742.096899,447448.024225,2011
"1139","Dt448",2011-02-21,1100,"female",313824.367892,447146.929639,2011
"1140","Dt448",2011-04-29,1030,"female",313824.901198,447147.110876,2011
"1141","Dt449",2011-02-21,1100,"male",313824.958973,447148.766743,2011
"1142","Dt450",2011-02-21,1100,"male",313827.608183,447147.27131,2011
"1143","Dt451",2011-02-21,1100,"female",313829.071389,447147.035976,2011
"1144","Dt451",2011-02-23,940,"female",313824.90659,447147.265397,2011
"1145","Dt451",2011-05-16,1230,"female",313824.617199,447146.381336,2011
"1146","Dt452",2011-02-21,1100,"female",313824.06021,447145.505857,2011
"1147","Dt455",2011-02-23,940,"male",313823.597702,447146.234136,2011
"1148","Dt456",2011-03-04,1100,"male",313738.707645,447437.439955,2011
"1149","Dt456",2011-03-08,1041,"male",313749.802748,447434.009132,2011
"1150","Dt456",2011-03-13,1340,"male",313736.049034,447435.525659,2011
"1151","Dt456",2011-03-22,1407,"male",313746.120746,447439.189257,2011
"1152","Dt456",2011-03-24,1430,"male",313745.902364,447438.829813,2011
"1153","Dt456",2011-03-29,1340,"male",313746.712154,447438.991457,2011
"1154","Dt456",2011-04-03,0,"male",313748.297995,447437.126123,2011
"1155","Dt456",2011-04-04,1310,"male",313745.880857,447438.163507,2011
"1156","Dt456",2011-04-12,1630,"male",313747.707631,447437.278703,2011
"1157","Dt465",2011-01-18,926,"male",313703.186624,447471.445395,2011
"1158","Dt465",2011-02-25,1020,"male",313702.221894,447457.407231,2011
"1159","Dt465",2011-03-01,946,"male",313703.726794,447450.011485,2011
"1160","Dt465",2011-04-02,1305,"male",313722.123652,447450.835653,2011
"1161","Dt465",2011-04-12,1220,"male",313719.150704,447454.454132,2011
"1162","Dt465",2011-05-04,0,"male",313787.045167,447440.892435,2011
"1163","Dt465",2011-05-09,1320,"male",313721.982946,447452.967523,2011
"1164","Dt465",2011-05-13,1055,"male",313691.832992,447487.146745,2011
"1165","Dt465",2011-05-17,1005,"male",313698.23485,447483.275921,2011
"1166","Dt465",2011-05-19,0,"male",313721.918029,447452.983264,2011
"1167","Dt465",2011-06-01,1130,"male",313724.924397,447456.092916,2011
"1168","Dt467",2011-02-07,1605,"female",313771.158331,447427.58122,2011
"1169","Dt467",2011-02-20,1310,"female",313770.920079,447427.914546,2011
"1170","Dt467",2011-02-23,1505,"female",313762.730627,447427.136612,2011
"1171","Dt467",2011-03-01,1021,"female",313762.98053,447428.904265,2011
"1172","Dt467",2011-03-04,1442,"female",313762.540804,447426.249495,2011
"1173","Dt467",2011-03-09,810,"female",313763.065471,447426.729945,2011
"1174","Dt467",2011-03-10,0,"female",313762.654435,447427.545815,2011
"1175","Dt467",2011-03-12,1435,"female",313762.1175,447427.646071,2011
"1176","Dt467",2011-03-20,1230,"female",313769.523974,447427.034334,2011
"1177","Dt467",2011-03-22,1230,"female",313760.826695,447428.105828,2011
"1178","Dt467",2011-03-24,1435,"female",313771.483185,447428.880622,2011
"1179","Dt467",2011-04-02,1255,"female",313769.406315,447428.271898,2011
"1180","Dt467",2011-04-10,1545,"female",313749.289531,447435.874766,2011
"1181","Dt467",2011-04-20,1155,"female",313758.899389,447427.976872,2011
"1182","Dt467",2011-05-15,1140,"female",313761.791237,447427.062339,2011
"1183","Dt467",2011-05-25,950,"female",313771.721689,447424.795721,2011
"1184","Dt477",2011-03-02,1502,"male",313701.822903,447454.007826,2011
"1185","Dt477",2011-03-22,1705,"male",313694.749836,447486.805233,2011
"1186","Dt478",2011-03-03,1255,"male",313692.821153,447497.475168,2011
"1187","Dt478",2011-05-09,1200,"male",313795.722838,447443.076979,2011
"1188","Dt482",2011-03-04,1020,"female",313713.632839,447348.00278,2011
"1189","Dt482",2011-03-06,1055,"female",313706.222751,447341.231781,2011
"1190","Dt482",2011-05-01,845,"female",313738.820222,447265.334283,2011
"1191","Dt487",2011-03-05,1250,"male",313881.307437,447693.067858,2011
"1192","Dt491",2011-03-06,1120,"female",313745.830949,447439.40366,2011
"1193","Dt491",2011-03-13,1435,"female",313735.495432,447435.236023,2011
"1194","Dt491",2011-03-19,1430,"female",313722.896844,447432.995886,2011
"1195","Dt491",2011-03-21,1355,"female",313745.791671,447439.455753,2011
"1196","Dt491",2011-03-23,1340,"female",313740.062266,447435.908074,2011
"1197","Dt491",2011-04-02,1650,"female",313746.325949,447439.138917,2011
"1198","Dt491",2011-04-03,0,"female",313748.347949,447437.123944,2011
"1199","Dt491",2011-04-26,1225,"female",313742.173941,447448.232075,2011
"1200","Dt491",2011-05-01,1430,"female",313745.273336,447440.129926,2011
"1201","Dt491",2011-05-03,1225,"female",313742.02201,447446.784003,2011
"1202","Dt491",2011-05-15,1400,"female",313746.04658,447439.381236,2011
"1203","Dt496",2011-03-02,0,"male",313871.325203,447683.392462,2011
"1204","Dt496",2011-03-06,1535,"male",313871.042285,447683.231002,2011
"1205","Dt496",2011-05-14,0,"male",313873.10675,447685.299042,2011
"1206","Dt496",2011-05-29,1540,"male",313864.188947,447685.867111,2011
"1207","Dt498",2011-03-06,1605,"female",313690.364802,447429.005062,2011
"1208","Dt498",2011-03-10,1623,"female",313688.905676,447426.927609,2011
"1209","Dt498",2011-03-17,1355,"female",313681.93537,447427.410948,2011
"1210","Dt498",2011-03-18,1520,"female",313689.058327,447428.328274,2011
"1211","Dt498",2011-05-04,1540,"female",313683.105408,447425.937852,2011
"1212","Dt501",2011-03-05,1415,"male",313700.135202,447441.468986,2011
"1213","Dt501",2011-03-08,1030,"male",313688.919965,447426.772573,2011
"1214","Dt501",2011-03-18,1520,"male",313689.058327,447428.328274,2011
"1215","Dt501",2011-03-22,1715,"male",313692.796077,447431.691809,2011
"1216","Dt501",2011-03-26,1245,"male",313694.404967,447435.863051,2011
"1217","Dt501",2011-05-02,1730,"male",313686.799024,447428.961923,2011
"1218","Dt501",2011-05-08,925,"male",313690.399948,447429.666717,2011
"1219","Dt501",2011-05-09,1555,"male",313690.115351,447428.161491,2011
"1220","Dt501",2011-05-21,1305,"male",313689.898947,447428.14541,2011
"1221","Dt501",2011-05-24,920,"male",313692.642503,447437.283873,2011
"1222","Dt501",2011-05-27,1200,"male",313683.184052,447454.40516,2011
"1223","Dt501",2011-05-28,0,"male",313682.878463,447453.686497,2011
"1224","Dt501",2011-06-03,0,"male",313683.172108,447455.356106,2011
"1225","Dt506",2011-03-09,750,"female",313809.119816,447448.382665,2011
"1226","Dt506",2011-03-11,1310,"female",313800.45704,447441.168404,2011
"1227","Dt506",2011-03-15,1400,"female",313809.463486,447449.190075,2011
"1228","Dt506",2011-03-25,1340,"female",313809.203006,447449.407767,2011
"1229","Dt506",2011-03-29,1330,"female",313808.911023,447448.374938,2011
"1230","Dt506",2011-04-10,1615,"female",313812.456846,447448.00786,2011
"1231","Dt506",2011-04-12,1300,"female",313804.169276,447444.760239,2011
"1232","Dt506",2011-04-17,1430,"female",313803.706175,447444.83143,2011
"1233","Dt506",2011-05-03,0,"female",313799.76905,447442.813527,2011
"1234","Dt506",2011-05-04,0,"female",313801.247658,447446.318327,2011
"1235","Dt506",2011-05-08,945,"female",313798.546473,447441.9729,2011
"1236","Dt517",2011-03-10,1640,"male",313829.761239,447147.231592,2011
"1237","Dt520",2011-03-11,1230,"male",313796.981698,447427.809698,2011
"1238","Dt520",2011-03-28,1335,"male",313799.023183,447440.09734,2011
"1239","Dt520",2011-05-03,0,"male",313799.953265,447439.911418,2011
"1240","Dt520",2011-05-17,1300,"male",313800.318633,447429.686573,2011
"1241","Dt521",2011-03-11,1238,"female",313801.327586,447440.863087,2011
"1242","Dt521",2011-04-04,1420,"female",313791.4118,447432.759083,2011
"1243","Dt521",2011-04-12,1420,"female",313787.924344,447426.21708,2011
"1244","Dt521",2011-05-03,0,"female",313798.767205,447438.283482,2011
"1245","Dt521",2011-05-04,0,"female",313789.52721,447447.822502,2011
"1246","Dt521",2011-05-09,1130,"female",313794.111185,447444.256242,2011
"1247","Dt523",2011-03-11,1350,"female",313771.924021,447425.936183,2011
"1248","Dt523",2011-04-29,1600,"female",313773.355771,447424.799786,2011
"1249","Dt523",2011-05-14,1530,"female",313772.092284,447428.29591,2011
"1250","Dt523",2011-06-01,1100,"female",313776.994762,447427.080026,2011
"1251","Dt524",2011-03-11,1350,"male",313771.95216,447425.981567,2011
"1252","Dt524",2011-03-22,1405,"male",313772.002313,447429.389948,2011
"1253","Dt524",2011-04-29,1539,"male",313780.695357,447417.534787,2011
"1254","Dt527",2009-02-18,1200,"male",313700.879121,447446.507612,2009
"1255","Dt527",2011-03-12,1440,"male",313762.272262,447427.712964,2011
"1256","Dt527",2011-05-08,1235,"male",313703.464825,447343.976531,2011
"1257","Dt527",2011-05-09,1220,"male",313797.85483,447440.968563,2011
"1258","Dt528",2011-03-17,0,"female",313740.997056,447259.549839,2011
"1259","Dt529",2011-03-17,0,"male",313740.909238,447260.342446,2011
"1260","Dt530",2011-03-17,0,"male",313740.47389,447256.768005,2011
"1261","Dt532",2011-03-17,0,"male",313744.0305,447261.236869,2011
"1262","Dt534",2011-03-17,0,"female",313741.25588,447261.717438,2011
"1263","Dt536",2011-03-19,1045,"male",313742.201403,447265.621002,2011
"1264","Dt537",2011-03-19,1115,"male",313743.963836,447269.090184,2011
"1265","Dt539",2011-03-19,1600,"male",313742.4748,447261.007816,2011
"1266","Dt542",2011-03-20,1040,"male",313746.998655,447267.6348,2011
"1267","Dt543",2011-03-20,0,"male",313740.645258,447260.327228,2011
"1268","Dt547",2011-03-20,1645,"male",313673.942575,447421.420676,2011
"1269","Dt550",2011-03-17,0,"male",313746.88872,447263.533846,2011
"1270","Dt550",2011-03-20,1650,"male",313746.388978,447267.464956,2011
"1271","Dt552",2011-03-21,0,"male",313746.90414,447265.263342,2011
"1272","Dt554",2011-03-21,0,"male",313740.230429,447257.402574,2011
"1273","Dt555",2011-03-21,0,"male",313739.45029,447257.381722,2011
"1274","Dt555",2011-03-24,1300,"male",313738.461787,447258.853044,2011
"1275","Dt556",2011-03-21,0,"male",313742.353322,447260.6225,2011
"1276","Dt560",2011-03-21,0,"male",313744.12403,447266.124561,2011
"1277","Dt560",2011-05-03,0,"male",313796.251391,447439.67003,2011
"1278","Dt563",2011-03-21,1440,"female",313722.670192,447448.755585,2011
"1279","Dt563",2011-03-28,1640,"female",313735.270587,447450.499984,2011
"1280","Dt563",2011-03-29,1150,"female",313727.18406,447444.434608,2011
"1281","Dt563",2011-04-27,1100,"female",313740.489737,447435.159834,2011
"1282","Dt563",2011-05-11,1625,"female",313730.774439,447450.193863,2011
"1283","Dt563",2011-05-16,0,"female",313735.398507,447455.258313,2011
"1284","Dt563",2011-05-18,1304,"female",313746.119848,447438.928933,2011
"1285","Dt563",2011-05-25,1040,"female",313726.479797,447451.058867,2011
"1286","Dt564",2011-03-21,1430,"male",313786.012736,447427.043994,2011
"1287","Dt565",2011-03-22,1050,"male",313738.973309,447258.565319,2011
"1288","Dt565",2011-03-26,1000,"male",313739.088952,447257.197452,2011
"1289","Dt566",2011-03-22,1050,"male",313739.077494,447258.056224,2011
"1290","Dt566",2011-04-29,1615,"male",313699.281568,447455.332887,2011
"1291","Dt567",2011-03-22,1050,"male",313739.326765,447258.296407,2011
"1292","Dt582",2011-02-21,1550,"male",313723.007739,447344.966233,2011
"1293","Dt582",2011-03-19,1100,"male",313745.643148,447267.206644,2011
"1294","Dt582",2011-04-09,910,"male",313745.839054,447268.848625,2011
"1295","Dt582",2011-04-16,1050,"male",313742.098178,447260.407139,2011
"1296","Dt583",2011-03-19,1230,"female",313727.946549,447270.862241,2011
"1297","Dt588",2011-03-24,1250,"male",313746.532855,447269.406312,2011
"1298","Dt589",2011-02-10,1445,"male",313700.843098,447343.48143,2011
"1299","Dt589",2011-02-20,1615,"male",313708.310867,447324.81424,2011
"1300","Dt589",2011-02-21,0,"male",313709.402779,447342.890588,2011
"1301","Dt589",2011-03-17,0,"male",313742.584455,447263.737308,2011
"1302","Dt589",2011-04-02,930,"male",313747.559559,447268.041757,2011
"1303","Dt589",2011-05-26,1125,"male",313747.365976,447268.863929,2011
"1304","Dt590",2011-03-24,1300,"male",313742.249577,447266.037705,2011
"1305","Dt592",2011-03-24,1745,"male",313743.459709,447265.359751,2011
"1306","Dt595",2011-03-25,1140,"male",313746.46459,447267.548936,2011
"1307","Dt596",2011-03-25,1220,"male",313739.470919,447257.278239,2011
"1308","Dt598",2011-03-25,1400,"male",313741.637705,447447.92861,2011
"1309","Dt603",2011-04-04,915,"male",313692.250022,447490.866181,2011
"1310","Dt603",2011-04-25,1620,"male",313659.132412,447478.951201,2011
"1311","Dt603",2011-05-03,1440,"male",313668.27596,447481.03684,2011
"1312","Dt603",2011-05-11,1230,"male",313698.583954,447510.095203,2011
"1313","Dt605",2011-03-28,1105,"male",313740.179528,447257.449329,2011
"1314","Dt609",2011-03-30,1000,"male",313746.51812,447267.608391,2011
"1315","Dt609",2011-05-03,1025,"male",313746.348114,447269.092665,2011
"1316","Dt610",2011-03-30,1005,"male",313747.232604,447269.301262,2011
"1317","Dt613",2011-03-30,1050,"male",313747.209703,447269.179829,2011
"1318","Dt613",2011-04-26,1010,"male",313738.72335,447258.073511,2011
"1319","Dt615",2011-04-02,945,"male",313739.265863,447257.979103,2011
"1320","Dt616",2011-04-02,1015,"male",313726.911797,447277.793515,2011
"1321","Dt616",2011-04-29,1130,"male",313738.429515,447258.281093,2011
"1322","Dt617",2011-04-02,935,"male",313744.124834,447264.661269,2011
"1323","Dt622",2011-04-03,800,"female",313696.641045,447369.388095,2011
"1324","Dt622",2011-04-04,800,"female",313690.201877,447371.526961,2011
"1325","Dt622",2011-04-26,1155,"female",313699.822877,447359.520496,2011
"1326","Dt622",2011-05-10,1110,"female",313686.628562,447386.652648,2011
"1327","Dt622",2011-05-13,1015,"female",313690.772662,447372.979205,2011
"1328","Dt622",2011-05-17,955,"female",313687.221498,447382.511707,2011
"1329","Dt623",2011-04-03,1020,"female",313711.065003,447396.153801,2011
"1330","Dt624",2011-01-21,1300,"female",313702.774348,447470.731217,2011
"1331","Dt624",2011-04-03,1445,"female",313703.671248,447471.261577,2011
"1332","Dt624",2011-05-11,1150,"female",313696.166137,447485.453739,2011
"1333","Dt624",2011-05-16,1320,"female",313737.003053,447446.820168,2011
"1334","Dt624",2011-05-25,1050,"female",313702.18321,447457.320591,2011
"1335","Dt627",2011-04-04,0,"female",313911.528804,447790.460781,2011
"1336","Dt628",2011-04-04,0,"female",313911.486435,447789.584125,2011
"1337","Dt629",2011-04-04,0,"female",313912.225735,447791.120791,2011
"1338","Dt629",2011-04-09,1140,"female",313911.501665,447790.458017,2011
"1339","Dt629",2011-04-12,1520,"female",313911.288117,447790.052484,2011
"1340","Dt630",2011-04-04,0,"female",313909.904571,447791.112463,2011
"1341","Dt631",2011-04-04,0,"male",313911.828573,447790.470653,2011
"1342","Dt632",2011-04-04,1315,"female",313770.509302,447426.621814,2011
"1343","Dt635",2011-04-07,1045,"male",313738.984605,447257.362376,2011
"1344","Dt636",2011-04-07,1220,"male",313742.327593,447262.550841,2011
"1345","Dt640",2011-04-09,920,"female",313743.362413,447265.547306,2011
"1346","Dt641",2011-04-09,1305,"male",313742.200039,447448.661703,2011
"1347","Dt641",2011-04-22,930,"male",313730.611357,447385.107282,2011
"1348","Dt642",2011-04-13,1440,"female",313753.826817,447429.88321,2011
"1349","Dt643",2011-04-10,1420,"female",313742.326863,447262.225203,2011
"1350","Dt643",2011-04-11,855,"female",313744.846367,447271.900705,2011
"1351","Dt644",2011-04-05,0,"female",313755.255735,447243.325875,2011
"1352","Dt644",2011-04-06,945,"female",313755.738729,447244.529735,2011
"1353","Dt645",2011-04-07,1230,"female",313729.0415,447381.307108,2011
"1354","Dt645",2011-04-22,1440,"female",313730.038256,447381.372571,2011
"1355","Dt646",2011-04-11,930,"male",313746.332784,447269.164117,2011
"1356","Dt651",2011-04-12,1640,"male",313793.168102,447419.516295,2011
"1357","Dt654",2011-04-14,1200,"male",313742.458708,447260.628378,2011
"1358","Dt657",2011-04-19,910,"male",313745.393614,447260.835458,2011
"1359","Dt661",2011-04-19,1135,"female",313735.111821,447454.678387,2011
"1360","Dt661",2011-05-08,1045,"female",313720.213761,447452.116992,2011
"1361","Dt664",2011-04-20,830,"female",313722.077192,447379.137188,2011
"1362","Dt667",2011-05-04,0,"male",313795.808422,447442.682948,2011
"1363","Dt667",2011-05-08,940,"male",313797.053551,447441.618258,2011
"1364","Dt668",2011-05-03,0,"male",313796.581101,447438.062469,2011
"1365","Dt668",2011-05-04,0,"male",313792.340207,447444.110193,2011
"1366","Dt669",2011-05-04,0,"female",313789.49281,447439.864996,2011
"1367","Dt670",2011-05-04,0,"female",313792.539222,447440.30867,2011
"1368","Dt671",2011-05-04,0,"female",313792.213823,447439.630204,2011
"1369","Dt672",2011-05-04,0,"male",313792.659242,447443.087002,2011
"1370","Dt673",2011-05-04,0,"female",313791.739425,447444.514552,2011
"1371","Dt673",2011-05-09,1130,"female",313793.129574,447444.201402,2011
"1372","Dt674",2011-05-04,0,"male",313789.367873,447443.880303,2011
"1373","Dt675",2011-05-04,0,"female",313788.739833,447444.724808,2011
"1374","Dt676",2011-05-05,1615,"male",313793.628745,447443.144066,2011
"1375","Dt678",2011-05-09,1130,"female",313797.477385,447441.436609,2011
"1376","Dt680",2011-05-09,140,"male",313799.130194,447440.853587,2011
"1377","Dt681",2011-04-07,1600,"female",313748.282712,447402.149865,2011
"1378","Dt687",2011-04-25,950,"male",313738.946015,447257.600883,2011
"1379","Dt687",2011-04-26,1010,"male",313738.227318,447257.607892,2011
"1380","Dt688",2011-04-21,1230,"female",313721.640508,447372.80076,2011
"1381","Dt688",2011-04-22,1210,"female",313722.454316,447374.06365,2011
"1382","Dt688",2011-06-02,0,"female",313724.744249,447375.395112,2011
"1383","Dt689",2011-05-11,1100,"female",313692.12811,447361.465919,2011
"1384","Dt690",2011-04-27,950,"female",313699.045754,447493.906203,2011
"1385","Dt690",2011-05-08,1050,"female",313695.759658,447502.19354,2011
"1386","Dt694",2011-05-25,940,"female",313771.580573,447428.764875,2011
"1387","Dt695",2011-05-14,1040,"female",313691.141758,447496.550628,2011
"1388","Dt695",2011-05-16,0,"female",313696.747042,447504.634697,2011
"1389","Dt695",2011-06-01,1335,"female",313691.138332,447497.295871,2011
"1390","Dt695",2011-06-04,0,"female",313691.144834,447485.922913,2011
"1391","Dt698",2011-05-01,1435,"female",313715.913486,447432.63235,2011
"1392","Dt703",2011-05-03,0,"female",313796.947013,447439.889527,2011
"1393","Dt704",2011-05-03,0,"female",313796.558635,447440.146827,2011
"1394","Dt705",2011-05-03,0,"female",313796.898345,447441.510833,2011
"1395","Dt706",2011-05-03,0,"female",313795.762347,447441.67401,2011
"1396","Dt707",2011-05-03,1625,"male",313799.818425,447437.992892,2011
"1397","Dt709",2011-05-03,1640,"male",313796.183177,447439.597989,2011
"1398","Dt709",2011-05-08,935,"male",313797.442773,447443.562989,2011
"1399","Dt712",2011-05-09,1330,"male",313753.918006,447431.657034,2011
"1400","Dt712",2011-06-01,910,"male",313753.534704,447429.375546,2011
"1401","Dt715",2011-05-11,950,"male",313739.000283,447257.385621,2011
"1402","Dt718",2011-05-14,0,"female",313870.849666,447683.543634,2011
"1403","Dt721",2011-05-14,0,"female",313876.150845,447686.443362,2011
"1404","Dt726",2011-05-25,1045,"female",313719.637549,447450.516745,2011
"1405","Dt726",2011-06-01,850,"female",313713.516217,447452.20044,2011
"1406","Dt729",2011-05-27,1200,"male",313685.354782,447456.216271,2011
"1407","Dt730",2011-05-27,1140,"female",313682.783653,447454.038839,2011
"1408","Dt730",2011-05-29,0,"female",313682.328678,447453.449275,2011
"1409","Dt735",2011-05-28,1051,"male",313686.03393,447456.569928,2011
"1410","Dt738",2011-06-01,1200,"male",313776.259816,447421.820535,2011
